#Time Stamp,seconds since epoch,Input A,Input B,Input C,Input D1,Input D2,Pressure
Tue Feb  2 11:32:01 2016,1454430721.868022,;;;;,+299.388,+299.229,+299.026,+300.129,2.341E+0
Tue Feb  2 11:32:03 2016,1454430723.370888,+299.367,+299.388,+299.229,+299.027,+300.129,2.341E+0
Tue Feb  2 11:32:04 2016,1454430724.873551,+299.367,+299.388,+299.229,+299.028,+300.129,2.341E+0
Tue Feb  2 11:32:06 2016,1454430726.376235,+299.367,+299.388,+299.229,+299.028,+300.129,2.342E+0
Tue Feb  2 11:32:07 2016,1454430727.878836,+299.367,+299.388,+299.229,+299.027,+300.129,2.343E+0
Tue Feb  2 11:32:09 2016,1454430729.381419,+299.367,+299.389,+299.229,+299.027,+300.129,2.343E+0
Tue Feb  2 11:32:10 2016,1454430730.884074,+299.367,+299.389,+299.229,+299.027,+300.129,2.343E+0
Tue Feb  2 11:32:12 2016,1454430732.386664,+299.367,+299.389,+299.229,+299.027,+300.129,2.344E+0
Tue Feb  2 11:32:13 2016,1454430733.889291,+299.367,+299.389,+299.229,+299.027,+300.129,2.345E+0
Tue Feb  2 11:32:15 2016,1454430735.391906,+299.367,+299.389,+299.229,+299.027,+300.129,2.345E+0
Tue Feb  2 11:32:16 2016,1454430736.894561,+299.367,+299.389,+299.230,+299.027,+300.129,2.345E+0
Tue Feb  2 11:32:18 2016,1454430738.397175,+299.367,+299.389,+299.229,+299.027,+300.130,2.346E+0
Tue Feb  2 11:32:19 2016,1454430739.899833,+299.367,+299.388,+299.229,+299.027,+300.130,2.346E+0
Tue Feb  2 11:32:21 2016,1454430741.402473,+299.367,+299.389,+299.229,+299.027,+300.130,2.347E+0
Tue Feb  2 11:32:22 2016,1454430742.90512,+299.367,+299.389,+299.229,+299.027,+300.130,2.347E+0
Tue Feb  2 11:32:24 2016,1454430744.407737,+299.367,+299.389,+299.229,+299.027,+300.130,2.347E+0
Tue Feb  2 11:32:25 2016,1454430745.910391,+299.367,+299.389,+299.230,+299.027,+300.130,2.348E+0
Tue Feb  2 11:32:27 2016,1454430747.412996,+299.368,+299.389,+299.230,+299.028,+300.130,2.348E+0
Tue Feb  2 11:32:28 2016,1454430748.915641,+299.368,+299.389,+299.229,+299.028,+300.130,2.349E+0
Tue Feb  2 11:32:30 2016,1454430750.418249,+299.367,+299.389,+299.230,+299.027,+300.130,2.349E+0
Tue Feb  2 11:32:31 2016,1454430751.920905,+299.368,+299.389,+299.229,+299.027,+300.130,2.350E+0
Tue Feb  2 11:32:33 2016,1454430753.423543,+299.368,+299.389,+299.230,+299.027,+300.130,2.350E+0
Tue Feb  2 11:32:34 2016,1454430754.926086,+299.367,+299.389,+299.230,+299.028,+300.130,2.350E+0
Tue Feb  2 11:32:36 2016,1454430756.428706,+299.368,+299.389,+299.230,+299.028,+300.130,2.351E+0
Tue Feb  2 11:32:37 2016,1454430757.931326,+299.367,+299.389,+299.230,+299.028,+300.130,2.351E+0
Tue Feb  2 11:32:39 2016,1454430759.433134,+299.367,+299.390,+299.230,+299.028,+300.130,2.352E+0
Tue Feb  2 11:32:40 2016,1454430760.935844,+299.367,+299.389,+299.230,+299.028,+300.130,2.352E+0
Tue Feb  2 11:32:42 2016,1454430762.438485,+299.368,+299.389,+299.230,+299.028,+300.130,2.353E+0
Tue Feb  2 11:32:43 2016,1454430763.941134,+299.367,+299.389,+299.230,+299.028,+300.130,2.353E+0
Tue Feb  2 11:32:45 2016,1454430765.443787,+299.367,+299.390,+299.230,+299.028,+300.130,2.354E+0
Tue Feb  2 11:32:46 2016,1454430766.946451,+299.367,+299.390,+299.230,+299.028,+300.130,2.354E+0
Tue Feb  2 11:32:48 2016,1454430768.449102,+299.367,+299.390,+299.230,+299.028,+300.130,2.354E+0
Tue Feb  2 11:32:49 2016,1454430769.951799,+299.368,+299.390,+299.230,+299.028,+300.130,2.355E+0
Tue Feb  2 11:32:51 2016,1454430771.454369,+299.368,+299.390,+299.231,+299.028,+300.130,2.355E+0
Tue Feb  2 11:32:52 2016,1454430772.957067,+299.368,+299.390,+299.230,+299.028,+300.131,2.355E+0
Tue Feb  2 11:32:54 2016,1454430774.459699,+299.368,+299.390,+299.231,+299.028,+300.131,2.356E+0
Tue Feb  2 11:32:55 2016,1454430775.962388,+299.367,+299.390,+299.231,+299.028,+300.131,2.357E+0
Tue Feb  2 11:32:57 2016,1454430777.465041,+299.368,+299.390,+299.230,+299.028,+300.131,2.357E+0
Tue Feb  2 11:32:58 2016,1454430778.96766,+299.368,+299.390,+299.230,+299.028,+300.131,2.357E+0
Tue Feb  2 11:33:00 2016,1454430780.470236,+299.368,+299.390,+299.230,+299.029,+300.131,2.358E+0
Tue Feb  2 11:33:01 2016,1454430781.972946,+299.368,+299.390,+299.231,+299.029,+300.131,2.358E+0
Tue Feb  2 11:33:03 2016,1454430783.475591,+299.368,+299.390,+299.231,+299.028,+300.131,2.359E+0
Tue Feb  2 11:33:04 2016,1454430784.978263,+299.368,+299.390,+299.231,+299.029,+300.131,2.359E+0
Tue Feb  2 11:33:06 2016,1454430786.480842,+299.368,+299.390,+299.231,+299.029,+300.132,2.359E+0
Tue Feb  2 11:33:07 2016,1454430787.983485,+299.368,+299.390,+299.231,+299.029,+300.132,2.360E+0
Tue Feb  2 11:33:09 2016,1454430789.486126,+299.368,+299.390,+299.231,+299.029,+300.132,2.360E+0
Tue Feb  2 11:33:10 2016,1454430790.988769,+299.368,+299.390,+299.231,+299.029,+300.132,2.360E+0
Tue Feb  2 11:33:12 2016,1454430792.491407,+299.368,+299.390,+299.231,+299.029,+300.132,2.361E+0
Tue Feb  2 11:33:13 2016,1454430793.994027,+299.368,+299.390,+299.231,+299.029,+300.132,2.361E+0
Tue Feb  2 11:33:15 2016,1454430795.496661,+299.369,+299.390,+299.231,+299.029,+300.132,2.361E+0
Tue Feb  2 11:33:16 2016,1454430796.999309,+299.368,+299.390,+299.231,+299.029,+300.132,2.362E+0
Tue Feb  2 11:33:18 2016,1454430798.502,+299.369,+299.390,+299.232,+299.029,+300.132,2.363E+0
Tue Feb  2 11:33:20 2016,1454430800.003834,+299.369,+299.390,+299.232,+299.029,+300.132,2.363E+0
Tue Feb  2 11:33:21 2016,1454430801.506439,+299.369,+299.390,+299.231,+299.029,+300.132,2.363E+0
Tue Feb  2 11:33:23 2016,1454430803.00911,+299.369,+299.391,+299.231,+299.029,+300.132,2.364E+0
Tue Feb  2 11:33:24 2016,1454430804.51171,+299.369,+299.391,+299.232,+299.029,+300.132,2.364E+0
Tue Feb  2 11:33:26 2016,1454430806.01434,+299.369,+299.391,+299.232,+299.029,+300.132,2.364E+0
Tue Feb  2 11:33:27 2016,1454430807.516969,+299.369,+299.391,+299.231,+299.029,+300.132,2.365E+0
Tue Feb  2 11:33:29 2016,1454430809.019588,+299.369,+299.391,+299.232,+299.029,+300.132,2.365E+0
Tue Feb  2 11:33:30 2016,1454430810.522175,+299.369,+299.391,+299.231,+299.029,+300.132,2.365E+0
Tue Feb  2 11:33:32 2016,1454430812.024827,+299.369,+299.391,+299.231,+299.029,+300.132,2.366E+0
Tue Feb  2 11:33:33 2016,1454430813.527507,+299.369,+299.390,+299.232,+299.030,+300.132,2.366E+0
Tue Feb  2 11:33:35 2016,1454430815.030173,+299.369,+299.391,+299.231,+299.030,+300.132,2.367E+0
Tue Feb  2 11:33:36 2016,1454430816.532806,+299.369,+299.391,+299.231,+299.030,+300.132,2.367E+0
Tue Feb  2 11:33:38 2016,1454430818.035456,+299.369,+299.391,+299.232,+299.030,+300.133,2.368E+0
Tue Feb  2 11:33:39 2016,1454430819.53805,+299.369,+299.391,+299.232,+299.030,+300.133,2.368E+0
Tue Feb  2 11:33:41 2016,1454430821.04072,+299.369,+299.391,+299.232,+299.030,+300.133,2.368E+0
Tue Feb  2 11:33:42 2016,1454430822.543332,+299.369,+299.390,+299.232,+299.031,+300.133,2.369E+0
Tue Feb  2 11:33:44 2016,1454430824.045991,+299.369,+299.391,+299.232,+299.030,+300.133,2.369E+0
Tue Feb  2 11:33:45 2016,1454430825.548618,+299.369,+299.391,+299.232,+299.030,+300.133,2.369E+0
Tue Feb  2 11:33:47 2016,1454430827.051326,+299.369,+299.391,+299.232,+299.030,+300.133,2.370E+0
Tue Feb  2 11:33:48 2016,1454430828.553953,+299.369,+299.391,+299.232,+299.030,+300.133,2.370E+0
Tue Feb  2 11:33:50 2016,1454430830.05663,+299.369,+299.391,+299.232,+299.030,+300.133,2.370E+0
Tue Feb  2 11:33:51 2016,1454430831.559293,+299.369,+299.391,+299.232,+299.030,+300.133,2.371E+0
Tue Feb  2 11:33:53 2016,1454430833.06196,+299.369,+299.391,+299.232,+299.030,+300.133,2.371E+0
Tue Feb  2 11:33:54 2016,1454430834.564641,+299.369,+299.391,+299.233,+299.030,+300.133,2.372E+0
Tue Feb  2 11:33:56 2016,1454430836.067328,+299.370,+299.391,+299.232,+299.031,+300.133,2.372E+0
Tue Feb  2 11:33:57 2016,1454430837.569357,+299.369,+299.391,+299.232,+299.030,+300.133,2.373E+0
Tue Feb  2 11:33:59 2016,1454430839.07201,+299.369,+299.391,+299.232,+299.030,+300.133,2.373E+0
Tue Feb  2 11:34:00 2016,1454430840.574658,+299.369,+299.391,+299.232,+299.030,+300.133,2.264E+0
Tue Feb  2 11:34:02 2016,1454430842.077329,+299.370,+299.390,+299.232,+299.030,+300.133,2.140E+0
Tue Feb  2 11:34:03 2016,1454430843.580006,+299.369,+299.391,+299.232,+299.030,+300.133,2.146E+0
Tue Feb  2 11:34:05 2016,1454430845.082591,+299.369,+299.391,+299.232,+299.030,+300.133,2.144E+0
Tue Feb  2 11:34:06 2016,1454430846.585251,+299.369,+299.390,+299.232,+299.030,+300.133,2.140E+0
Tue Feb  2 11:34:08 2016,1454430848.087906,+299.369,+299.391,+299.233,+299.030,+300.133,2.134E+0
Tue Feb  2 11:34:09 2016,1454430849.590566,+299.369,+299.391,+299.233,+299.030,+300.133,2.128E+0
Tue Feb  2 11:34:11 2016,1454430851.093158,+299.369,+299.391,+299.233,+299.030,+300.134,2.121E+0
Tue Feb  2 11:34:12 2016,1454430852.59576,+299.369,+299.391,+299.233,+299.030,+300.134,2.114E+0
Tue Feb  2 11:34:14 2016,1454430854.097763,+299.369,+299.391,+299.233,+299.030,+300.134,2.107E+0
Tue Feb  2 11:34:15 2016,1454430855.600357,+299.370,+299.391,+299.233,+299.031,+300.134,2.100E+0
Tue Feb  2 11:34:17 2016,1454430857.10308,+299.370,+299.391,+299.233,+299.031,+300.134,2.092E+0
Tue Feb  2 11:34:18 2016,1454430858.605711,+299.370,+299.391,+299.233,+299.031,+300.134,2.084E+0
Tue Feb  2 11:34:20 2016,1454430860.108375,+299.370,+299.391,+299.233,+299.031,+300.134,2.078E+0
Tue Feb  2 11:34:21 2016,1454430861.610982,+299.370,+299.391,+299.233,+299.031,+300.134,2.071E+0
Tue Feb  2 11:34:23 2016,1454430863.113117,+299.370,+299.391,+299.233,+299.030,+300.134,2.065E+0
Tue Feb  2 11:34:24 2016,1454430864.615763,+299.370,+299.391,+299.233,+299.031,+300.134,2.059E+0
Tue Feb  2 11:34:26 2016,1454430866.118416,+299.370,+299.390,+299.233,+299.031,+300.134,2.052E+0
Tue Feb  2 11:34:27 2016,1454430867.621049,+299.370,+299.392,+299.233,+299.031,+300.134,2.046E+0
Tue Feb  2 11:34:29 2016,1454430869.123686,+299.370,+299.392,+299.233,+299.031,+300.134,2.040E+0
Tue Feb  2 11:34:30 2016,1454430870.626272,+299.370,+299.391,+299.233,+299.031,+300.134,2.035E+0
Tue Feb  2 11:34:32 2016,1454430872.127998,+299.370,+299.391,+299.233,+299.031,+300.134,2.028E+0
Tue Feb  2 11:34:33 2016,1454430873.63055,+299.370,+299.392,+299.234,+299.031,+300.134,2.022E+0
Tue Feb  2 11:34:35 2016,1454430875.13322,+299.370,+299.392,+299.234,+299.031,+300.134,2.016E+0
Tue Feb  2 11:34:36 2016,1454430876.635805,+299.370,+299.392,+299.233,+299.031,+300.135,2.009E+0
Tue Feb  2 11:34:38 2016,1454430878.138414,+299.370,+299.392,+299.233,+299.031,+300.135,2.003E+0
Tue Feb  2 11:34:39 2016,1454430879.641104,+299.370,+299.392,+299.233,+299.031,+300.135,1.997E+0
Tue Feb  2 11:34:41 2016,1454430881.143788,+299.370,+299.392,+299.233,+299.031,+300.135,1.992E+0
Tue Feb  2 11:34:42 2016,1454430882.646413,+299.370,+299.392,+299.233,+299.031,+300.135,1.986E+0
Tue Feb  2 11:34:44 2016,1454430884.14821,+299.370,+299.391,+299.234,+299.031,+300.135,1.981E+0
Tue Feb  2 11:34:45 2016,1454430885.65081,+299.370,+299.392,+299.234,+299.031,+300.135,1.976E+0
Tue Feb  2 11:34:47 2016,1454430887.153474,+299.370,+299.392,+299.234,+299.031,+300.135,1.970E+0
Tue Feb  2 11:34:48 2016,1454430888.655261,+299.370,+299.392,+299.233,+299.031,+300.135,1.965E+0
Tue Feb  2 11:34:50 2016,1454430890.157912,+299.370,+299.392,+299.233,+299.031,+300.135,1.959E+0
Tue Feb  2 11:34:51 2016,1454430891.660559,+299.370,+299.392,+299.234,+299.032,+300.135,1.954E+0
Tue Feb  2 11:34:53 2016,1454430893.163289,+299.370,+299.392,+299.234,+299.032,+300.135,1.947E+0
Tue Feb  2 11:34:54 2016,1454430894.66591,+299.371,+299.392,+299.234,+299.031,+300.135,1.942E+0
Tue Feb  2 11:34:56 2016,1454430896.168525,+299.371,+299.392,+299.234,+299.031,+300.135,1.937E+0
Tue Feb  2 11:34:57 2016,1454430897.671136,+299.370,+299.392,+299.234,+299.032,+300.135,1.930E+0
Tue Feb  2 11:34:59 2016,1454430899.17381,+299.370,+299.392,+299.234,+299.032,+300.135,1.925E+0
Tue Feb  2 11:35:00 2016,1454430900.676484,+299.371,+299.392,+299.234,+299.032,+300.135,1.920E+0
Tue Feb  2 11:35:02 2016,1454430902.179169,+299.371,+299.392,+299.234,+299.032,+300.135,1.915E+0
Tue Feb  2 11:35:03 2016,1454430903.681762,+299.371,+299.392,+299.234,+299.032,+300.135,1.909E+0
Tue Feb  2 11:35:05 2016,1454430905.184415,+299.371,+299.392,+299.234,+299.032,+300.135,1.905E+0
Tue Feb  2 11:35:06 2016,1454430906.687132,+299.370,+299.392,+299.234,+299.032,+300.135,1.899E+0
Tue Feb  2 11:35:08 2016,1454430908.189825,+299.370,+299.392,+299.234,+299.032,+300.135,1.893E+0
Tue Feb  2 11:35:09 2016,1454430909.692445,+299.370,+299.392,+299.234,+299.032,+300.135,1.889E+0
Tue Feb  2 11:35:11 2016,1454430911.195105,+299.370,+299.392,+299.234,+299.032,+300.135,1.884E+0
Tue Feb  2 11:35:12 2016,1454430912.697723,+299.370,+299.392,+299.234,+299.032,+300.135,1.879E+0
Tue Feb  2 11:35:14 2016,1454430914.200394,+299.370,+299.392,+299.234,+299.032,+300.135,1.874E+0
Tue Feb  2 11:35:15 2016,1454430915.703082,+299.370,+299.392,+299.234,+299.032,+300.135,1.868E+0
Tue Feb  2 11:35:17 2016,1454430917.205718,+299.370,+299.392,+299.235,+299.032,+300.135,1.864E+0
Tue Feb  2 11:35:18 2016,1454430918.70834,+299.370,+299.392,+299.234,+299.033,+300.135,1.859E+0
Tue Feb  2 11:35:20 2016,1454430920.210978,+299.370,+299.393,+299.234,+299.033,+300.136,1.854E+0
Tue Feb  2 11:35:21 2016,1454430921.713665,+299.370,+299.393,+299.234,+299.033,+300.136,1.850E+0
Tue Feb  2 11:35:23 2016,1454430923.216297,+299.370,+299.393,+299.234,+299.033,+300.136,1.846E+0
Tue Feb  2 11:35:24 2016,1454430924.717988,+299.370,+299.393,+299.234,+299.033,+300.136,1.841E+0
Tue Feb  2 11:35:26 2016,1454430926.220638,+299.370,+299.393,+299.234,+299.033,+300.136,1.837E+0
Tue Feb  2 11:35:27 2016,1454430927.722972,+299.370,+299.393,+299.234,+299.033,+300.136,1.833E+0
Tue Feb  2 11:35:29 2016,1454430929.225614,+299.370,+299.393,+299.235,+299.033,+300.136,1.827E+0
Tue Feb  2 11:35:30 2016,1454430930.728271,+299.371,+299.393,+299.234,+299.033,+300.136,1.823E+0
Tue Feb  2 11:35:32 2016,1454430932.230908,+299.371,+299.393,+299.234,+299.033,+300.136,1.819E+0
Tue Feb  2 11:35:33 2016,1454430933.733528,+299.370,+299.393,+299.234,+299.033,+300.136,1.814E+0
Tue Feb  2 11:35:35 2016,1454430935.236161,+299.371,+299.393,+299.234,+299.033,+300.136,1.807E+0
Tue Feb  2 11:35:36 2016,1454430936.738831,+299.371,+299.393,+299.234,+299.033,+300.136,1.803E+0
Tue Feb  2 11:35:38 2016,1454430938.241485,+299.371,+299.393,+299.234,+299.033,+300.136,1.798E+0
Tue Feb  2 11:35:39 2016,1454430939.74412,+299.371,+299.393,+299.234,+299.033,+300.136,1.792E+0
Tue Feb  2 11:35:41 2016,1454430941.246606,+299.371,+299.393,+299.234,+299.033,+300.136,1.789E+0
Tue Feb  2 11:35:42 2016,1454430942.748938,+299.371,+299.393,+299.234,+299.033,+300.136,1.784E+0
Tue Feb  2 11:35:44 2016,1454430944.251602,+299.371,+299.393,+299.234,+299.033,+300.136,1.778E+0
Tue Feb  2 11:35:45 2016,1454430945.754268,+299.371,+299.393,+299.234,+299.033,+300.136,1.774E+0
Tue Feb  2 11:35:47 2016,1454430947.256884,+299.371,+299.393,+299.234,+299.033,+300.136,1.768E+0
Tue Feb  2 11:35:48 2016,1454430948.759509,+299.371,+299.393,+299.234,+299.033,+300.136,1.763E+0
Tue Feb  2 11:35:50 2016,1454430950.262196,+299.371,+299.393,+299.234,+299.033,+300.136,1.759E+0
Tue Feb  2 11:35:51 2016,1454430951.764897,+299.371,+299.393,+299.234,+299.033,+300.136,1.755E+0
Tue Feb  2 11:35:53 2016,1454430953.267559,+299.371,+299.393,+299.234,+299.033,+300.136,1.749E+0
Tue Feb  2 11:35:54 2016,1454430954.770214,+299.371,+299.393,+299.234,+299.033,+300.136,1.743E+0
Tue Feb  2 11:35:56 2016,1454430956.272867,+299.371,+299.393,+299.234,+299.033,+300.136,1.737E+0
Tue Feb  2 11:35:57 2016,1454430957.775518,+299.371,+299.393,+299.234,+299.033,+300.136,1.733E+0
Tue Feb  2 11:35:59 2016,1454430959.278203,+299.371,+299.393,+299.234,+299.033,+300.136,1.728E+0
Tue Feb  2 11:36:00 2016,1454430960.780847,+299.371,+299.393,+299.234,+299.033,+300.136,1.724E+0
Tue Feb  2 11:36:02 2016,1454430962.28358,+299.371,+299.393,+299.235,+299.033,+300.136,1.719E+0
Tue Feb  2 11:36:03 2016,1454430963.786171,+299.371,+299.393,+299.235,+299.033,+300.136,1.715E+0
Tue Feb  2 11:36:05 2016,1454430965.287982,+299.371,+299.393,+299.235,+299.033,+300.136,1.709E+0
Tue Feb  2 11:36:06 2016,1454430966.790596,+299.371,+299.393,+299.235,+299.033,+300.136,1.705E+0
Tue Feb  2 11:36:08 2016,1454430968.293249,+299.371,+299.393,+299.234,+299.033,+300.136,1.703E+0
Tue Feb  2 11:36:09 2016,1454430969.795866,+299.371,+299.392,+299.234,+299.034,+300.136,1.701E+0
Tue Feb  2 11:36:11 2016,1454430971.297709,+299.371,+299.393,+299.234,+299.034,+300.136,1.693E+0
Tue Feb  2 11:36:12 2016,1454430972.80042,+299.371,+299.393,+299.235,+299.034,+300.136,1.689E+0
Tue Feb  2 11:36:14 2016,1454430974.303174,+299.371,+299.393,+299.235,+299.034,+300.136,1.686E+0
Tue Feb  2 11:36:15 2016,1454430975.805789,+299.371,+299.393,+299.234,+299.034,+300.136,1.680E+0
Tue Feb  2 11:36:17 2016,1454430977.308443,+299.371,+299.393,+299.235,+299.034,+300.136,1.672E+0
Tue Feb  2 11:36:18 2016,1454430978.811081,+299.371,+299.393,+299.235,+299.034,+300.136,1.669E+0
Tue Feb  2 11:36:20 2016,1454430980.31373,+299.371,+299.393,+299.235,+299.034,+300.136,1.665E+0
Tue Feb  2 11:36:21 2016,1454430981.816365,+299.372,+299.393,+299.235,+299.034,+300.136,1.660E+0
Tue Feb  2 11:36:23 2016,1454430983.319025,+299.372,+299.394,+299.235,+299.034,+300.136,1.655E+0
Tue Feb  2 11:36:24 2016,1454430984.821646,+299.372,+299.394,+299.235,+299.034,+300.136,1.652E+0
Tue Feb  2 11:36:26 2016,1454430986.324278,+299.373,+299.393,+299.235,+299.034,+300.136,1.648E+0
Tue Feb  2 11:36:27 2016,1454430987.826925,+299.371,+299.393,+299.234,+299.034,+300.136,1.642E+0
Tue Feb  2 11:36:29 2016,1454430989.329563,+299.372,+299.393,+299.234,+299.034,+300.136,1.636E+0
Tue Feb  2 11:36:30 2016,1454430990.832149,+299.371,+299.393,+299.235,+299.034,+300.136,1.631E+0
Tue Feb  2 11:36:32 2016,1454430992.334773,+299.371,+299.393,+299.235,+299.034,+300.136,1.626E+0
Tue Feb  2 11:36:33 2016,1454430993.837397,+299.371,+299.393,+299.235,+299.034,+300.136,1.622E+0
Tue Feb  2 11:36:35 2016,1454430995.340051,+299.371,+299.394,+299.234,+299.034,+300.136,1.617E+0
Tue Feb  2 11:36:36 2016,1454430996.842686,+299.371,+299.393,+299.235,+299.034,+300.136,1.612E+0
Tue Feb  2 11:36:38 2016,1454430998.345359,+299.371,+299.394,+299.235,+299.034,+300.136,1.610E+0
Tue Feb  2 11:36:39 2016,1454430999.847466,+299.371,+299.393,+299.235,+299.034,+300.136,1.606E+0
Tue Feb  2 11:36:41 2016,1454431001.350116,+299.371,+299.393,+299.235,+299.034,+300.136,1.603E+0
Tue Feb  2 11:36:42 2016,1454431002.85277,+299.371,+299.393,+299.235,+299.034,+300.136,1.601E+0
Tue Feb  2 11:36:44 2016,1454431004.355441,+299.371,+299.393,+299.235,+299.034,+300.136,1.597E+0
Tue Feb  2 11:36:45 2016,1454431005.857976,+299.371,+299.393,+299.235,+299.034,+300.136,1.593E+0
Tue Feb  2 11:36:47 2016,1454431007.360626,+299.372,+299.393,+299.235,+299.034,+300.136,1.588E+0
Tue Feb  2 11:36:48 2016,1454431008.863301,+299.371,+299.393,+299.235,+299.034,+300.136,1.583E+0
Tue Feb  2 11:36:50 2016,1454431010.365998,+299.372,+299.394,+299.235,+299.034,+300.136,1.582E+0
Tue Feb  2 11:36:51 2016,1454431011.868642,+299.372,+299.394,+299.235,+299.035,+300.136,1.577E+0
Tue Feb  2 11:36:53 2016,1454431013.371297,+299.372,+299.394,+299.235,+299.035,+300.136,1.574E+0
Tue Feb  2 11:36:54 2016,1454431014.873921,+299.372,+299.394,+299.235,+299.035,+300.136,1.571E+0
Tue Feb  2 11:36:56 2016,1454431016.376542,+299.372,+299.394,+299.235,+299.035,+300.136,1.566E+0
Tue Feb  2 11:36:57 2016,1454431017.879179,+299.372,+299.394,+299.235,+299.035,+300.136,1.561E+0
Tue Feb  2 11:36:59 2016,1454431019.382224,+299.372,+299.394,+299.235,+299.035,+300.136,1.557E+0
Tue Feb  2 11:37:00 2016,1454431020.885228,+299.373,+299.393,+299.235,+299.035,+300.137,1.554E+0
Tue Feb  2 11:37:02 2016,1454431022.388193,+299.371,+299.393,+299.235,+299.035,+300.136,1.551E+0
Tue Feb  2 11:37:03 2016,1454431023.891245,+299.372,+299.393,+299.234,+299.035,+300.136,1.548E+0
Tue Feb  2 11:37:05 2016,1454431025.394174,+299.371,+299.393,+299.235,+299.035,+300.136,1.543E+0
Tue Feb  2 11:37:06 2016,1454431026.897171,+299.372,+299.393,+299.235,+299.034,+300.136,1.538E+0
Tue Feb  2 11:37:08 2016,1454431028.400071,+299.372,+299.394,+299.235,+299.035,+300.136,1.534E+0
Tue Feb  2 11:37:09 2016,1454431029.902745,+299.372,+299.394,+299.235,+299.034,+300.136,1.529E+0
Tue Feb  2 11:37:11 2016,1454431031.405462,+299.372,+299.394,+299.235,+299.035,+300.136,1.526E+0
Tue Feb  2 11:37:12 2016,1454431032.908065,+299.372,+299.394,+299.235,+299.035,+300.136,1.523E+0
Tue Feb  2 11:37:14 2016,1454431034.410768,+299.372,+299.394,+299.235,+299.034,+300.136,1.518E+0
Tue Feb  2 11:37:15 2016,1454431035.913517,+299.372,+299.394,+299.235,+299.034,+300.136,1.513E+0
Tue Feb  2 11:37:17 2016,1454431037.416262,+299.372,+299.394,+299.235,+299.035,+300.136,1.508E+0
Tue Feb  2 11:37:18 2016,1454431038.918856,+299.372,+299.394,+299.235,+299.035,+300.136,1.505E+0
Tue Feb  2 11:37:20 2016,1454431040.421563,+299.372,+299.394,+299.235,+299.035,+300.136,1.501E+0
Tue Feb  2 11:37:21 2016,1454431041.924199,+299.372,+299.394,+299.235,+299.035,+300.136,1.499E+0
Tue Feb  2 11:37:23 2016,1454431043.426929,+299.371,+299.394,+299.235,+299.035,+300.136,1.496E+0
Tue Feb  2 11:37:24 2016,1454431044.929714,+299.372,+299.394,+299.235,+299.035,+300.136,1.494E+0
Tue Feb  2 11:37:26 2016,1454431046.43248,+299.372,+299.394,+299.235,+299.035,+300.136,1.491E+0
Tue Feb  2 11:37:27 2016,1454431047.935208,+299.372,+299.394,+299.235,+299.035,+300.136,1.488E+0
Tue Feb  2 11:37:29 2016,1454431049.437885,+299.372,+299.394,+299.235,+299.035,+300.136,1.486E+0
Tue Feb  2 11:37:30 2016,1454431050.940481,+299.372,+299.394,+299.235,+299.035,+300.136,1.484E+0
Tue Feb  2 11:37:32 2016,1454431052.443348,+299.372,+299.394,+299.235,+299.035,+300.136,1.482E+0
Tue Feb  2 11:37:33 2016,1454431053.946155,+299.372,+299.394,+299.235,+299.035,+300.136,1.478E+0
Tue Feb  2 11:37:35 2016,1454431055.448841,+299.372,+299.394,+299.235,+299.035,+300.136,1.476E+0
Tue Feb  2 11:37:36 2016,1454431056.951618,+299.372,+299.394,+299.235,+299.035,+300.136,1.473E+0
Tue Feb  2 11:37:38 2016,1454431058.454289,+299.372,+299.394,+299.235,+299.035,+300.136,1.469E+0
Tue Feb  2 11:37:39 2016,1454431059.956908,+299.372,+299.394,+299.235,+299.035,+300.136,1.466E+0
Tue Feb  2 11:37:41 2016,1454431061.459574,+299.372,+299.394,+299.235,+299.035,+300.136,1.463E+0
Tue Feb  2 11:37:42 2016,1454431062.962181,+299.372,+299.394,+299.235,+299.035,+300.136,1.460E+0
Tue Feb  2 11:37:44 2016,1454431064.464099,+299.372,+299.394,+299.235,+299.035,+300.136,1.458E+0
Tue Feb  2 11:37:45 2016,1454431065.966724,+299.372,+299.394,+299.235,+299.035,+300.136,1.455E+0
Tue Feb  2 11:37:47 2016,1454431067.469418,+299.372,+299.394,+299.235,+299.035,+300.136,1.451E+0
Tue Feb  2 11:37:48 2016,1454431068.972065,+299.372,+299.394,+299.235,+299.035,+300.136,1.449E+0
Tue Feb  2 11:37:50 2016,1454431070.474673,+299.372,+299.394,+299.235,+299.036,+300.136,1.445E+0
Tue Feb  2 11:37:51 2016,1454431071.977261,+299.372,+299.394,+299.235,+299.036,+300.136,1.444E+0
Tue Feb  2 11:37:53 2016,1454431073.479891,+299.372,+299.394,+299.235,+299.036,+300.136,1.440E+0
Tue Feb  2 11:37:54 2016,1454431074.98251,+299.372,+299.394,+299.235,+299.036,+300.136,1.437E+0
Tue Feb  2 11:37:56 2016,1454431076.485166,+299.372,+299.395,+299.235,+299.036,+300.136,1.436E+0
Tue Feb  2 11:37:57 2016,1454431077.98779,+299.372,+299.394,+299.235,+299.036,+300.136,1.432E+0
Tue Feb  2 11:37:59 2016,1454431079.490481,+299.372,+299.394,+299.235,+299.036,+300.136,1.427E+0
Tue Feb  2 11:38:00 2016,1454431080.99314,+299.372,+299.394,+299.236,+299.036,+300.136,1.426E+0
Tue Feb  2 11:38:02 2016,1454431082.495825,+299.372,+299.394,+299.235,+299.036,+300.136,1.423E+0
Tue Feb  2 11:38:03 2016,1454431083.997972,+299.372,+299.394,+299.235,+299.036,+300.136,1.420E+0
Tue Feb  2 11:38:05 2016,1454431085.500623,+299.372,+299.395,+299.236,+299.036,+300.136,1.417E+0
Tue Feb  2 11:38:07 2016,1454431087.003306,+299.372,+299.394,+299.235,+299.036,+300.136,1.413E+0
Tue Feb  2 11:38:08 2016,1454431088.505937,+299.372,+299.394,+299.235,+299.036,+300.136,1.411E+0
Tue Feb  2 11:38:10 2016,1454431090.008561,+299.372,+299.394,+299.235,+299.036,+300.136,1.408E+0
Tue Feb  2 11:38:11 2016,1454431091.511229,+299.372,+299.395,+299.235,+299.036,+300.136,1.404E+0
Tue Feb  2 11:38:13 2016,1454431093.013268,+299.372,+299.394,+299.235,+299.036,+300.136,1.403E+0
Tue Feb  2 11:38:14 2016,1454431094.515954,+299.372,+299.394,+299.235,+299.036,+300.136,1.398E+0
Tue Feb  2 11:38:16 2016,1454431096.018604,+299.373,+299.394,+299.235,+299.036,+300.136,1.397E+0
Tue Feb  2 11:38:17 2016,1454431097.521311,+299.372,+299.394,+299.235,+299.036,+300.136,1.393E+0
Tue Feb  2 11:38:19 2016,1454431099.024001,+299.372,+299.394,+299.235,+299.036,+300.136,1.391E+0
Tue Feb  2 11:38:20 2016,1454431100.526647,+299.372,+299.394,+299.235,+299.036,+300.136,1.386E+0
Tue Feb  2 11:38:22 2016,1454431102.029267,+299.372,+299.395,+299.235,+299.036,+300.136,1.384E+0
Tue Feb  2 11:38:23 2016,1454431103.531929,+299.373,+299.395,+299.235,+299.036,+300.136,1.382E+0
Tue Feb  2 11:38:25 2016,1454431105.034645,+299.372,+299.395,+299.235,+299.036,+300.136,1.379E+0
Tue Feb  2 11:38:26 2016,1454431106.537315,+299.372,+299.395,+299.235,+299.036,+300.136,1.376E+0
Tue Feb  2 11:38:28 2016,1454431108.039927,+299.372,+299.394,+299.235,+299.036,+300.136,1.371E+0
Tue Feb  2 11:38:29 2016,1454431109.54258,+299.372,+299.394,+299.235,+299.036,+300.136,1.370E+0
Tue Feb  2 11:38:31 2016,1454431111.045192,+299.372,+299.394,+299.235,+299.036,+300.136,1.368E+0
Tue Feb  2 11:38:32 2016,1454431112.547798,+299.373,+299.393,+299.235,+299.036,+300.136,1.365E+0
Tue Feb  2 11:38:34 2016,1454431114.05037,+299.372,+299.394,+299.235,+299.036,+300.136,1.361E+0
Tue Feb  2 11:38:35 2016,1454431115.552955,+299.372,+299.394,+299.235,+299.036,+300.136,1.361E+0
Tue Feb  2 11:38:37 2016,1454431117.055592,+299.372,+299.394,+299.235,+299.036,+300.136,1.357E+0
Tue Feb  2 11:38:38 2016,1454431118.55826,+299.372,+299.394,+299.235,+299.036,+300.136,1.355E+0
Tue Feb  2 11:38:40 2016,1454431120.060885,+299.372,+299.394,+299.235,+299.036,+300.136,1.355E+0
Tue Feb  2 11:38:41 2016,1454431121.562835,+299.372,+299.395,+299.235,+299.036,+300.136,1.351E+0
Tue Feb  2 11:38:43 2016,1454431123.065458,+299.372,+299.394,+299.235,+299.036,+300.136,1.348E+0
Tue Feb  2 11:38:44 2016,1454431124.568133,+299.372,+299.394,+299.235,+299.036,+300.136,1.346E+0
Tue Feb  2 11:38:46 2016,1454431126.070258,+299.372,+299.394,+299.235,+299.036,+300.136,1.345E+0
Tue Feb  2 11:38:47 2016,1454431127.572913,+299.372,+299.395,+299.235,+299.036,+300.136,1.342E+0
Tue Feb  2 11:38:49 2016,1454431129.075584,+299.372,+299.395,+299.235,+299.037,+300.136,1.341E+0
Tue Feb  2 11:38:50 2016,1454431130.578197,+299.373,+299.395,+299.235,+299.037,+300.136,1.339E+0
Tue Feb  2 11:38:52 2016,1454431132.080842,+299.373,+299.395,+299.236,+299.037,+300.136,1.337E+0
Tue Feb  2 11:38:53 2016,1454431133.583585,+299.373,+299.395,+299.236,+299.037,+300.136,1.333E+0
Tue Feb  2 11:38:55 2016,1454431135.086186,+299.373,+299.395,+299.235,+299.037,+300.136,1.328E+0
Tue Feb  2 11:38:56 2016,1454431136.588843,+299.372,+299.395,+299.235,+299.037,+300.136,1.326E+0
Tue Feb  2 11:38:58 2016,1454431138.091417,+299.372,+299.395,+299.235,+299.037,+300.136,1.322E+0
Tue Feb  2 11:38:59 2016,1454431139.594083,+299.372,+299.395,+299.235,+299.037,+300.136,1.318E+0
Tue Feb  2 11:39:01 2016,1454431141.096806,+299.372,+299.395,+299.235,+299.036,+300.136,1.317E+0
Tue Feb  2 11:39:02 2016,1454431142.599447,+299.373,+299.394,+299.235,+299.037,+300.136,1.313E+0
Tue Feb  2 11:39:04 2016,1454431144.102071,+299.373,+299.394,+299.235,+299.037,+300.136,1.311E+0
Tue Feb  2 11:39:05 2016,1454431145.60476,+299.373,+299.395,+299.235,+299.037,+300.136,1.308E+0
Tue Feb  2 11:39:07 2016,1454431147.1074,+299.373,+299.395,+299.236,+299.037,+300.136,1.305E+0
Tue Feb  2 11:39:08 2016,1454431148.610043,+299.372,+299.395,+299.236,+299.036,+300.136,1.303E+0
Tue Feb  2 11:39:10 2016,1454431150.112685,+299.372,+299.395,+299.235,+299.036,+300.136,1.302E+0
Tue Feb  2 11:39:11 2016,1454431151.615329,+299.373,+299.395,+299.236,+299.036,+300.136,1.299E+0
Tue Feb  2 11:39:13 2016,1454431153.11794,+299.373,+299.395,+299.236,+299.037,+300.136,1.296E+0
Tue Feb  2 11:39:14 2016,1454431154.620628,+299.373,+299.395,+299.236,+299.037,+300.136,1.293E+0
Tue Feb  2 11:39:16 2016,1454431156.123275,+299.373,+299.395,+299.235,+299.036,+300.136,1.290E+0
Tue Feb  2 11:39:17 2016,1454431157.625145,+299.373,+299.395,+299.236,+299.036,+300.136,1.286E+0
Tue Feb  2 11:39:19 2016,1454431159.127834,+299.373,+299.395,+299.236,+299.036,+300.136,1.284E+0
Tue Feb  2 11:39:20 2016,1454431160.630426,+299.372,+299.395,+299.236,+299.036,+300.136,1.280E+0
Tue Feb  2 11:39:22 2016,1454431162.13307,+299.372,+299.395,+299.236,+299.036,+300.136,1.279E+0
Tue Feb  2 11:39:23 2016,1454431163.635719,+299.372,+299.395,+299.236,+299.037,+300.136,1.276E+0
Tue Feb  2 11:39:25 2016,1454431165.13839,+299.372,+299.395,+299.236,+299.037,+300.136,1.273E+0
Tue Feb  2 11:39:26 2016,1454431166.64106,+299.372,+299.395,+299.236,+299.037,+300.136,1.272E+0
Tue Feb  2 11:39:28 2016,1454431168.143744,+299.373,+299.395,+299.235,+299.037,+300.136,1.270E+0
Tue Feb  2 11:39:29 2016,1454431169.646433,+299.373,+299.395,+299.235,+299.037,+300.136,1.267E+0
Tue Feb  2 11:39:31 2016,1454431171.14908,+299.372,+299.395,+299.235,+299.037,+300.136,1.265E+0
Tue Feb  2 11:39:32 2016,1454431172.651717,+299.372,+299.395,+299.235,+299.037,+300.136,1.262E+0
Tue Feb  2 11:39:34 2016,1454431174.154348,+299.373,+299.395,+299.236,+299.037,+300.136,1.262E+0
Tue Feb  2 11:39:35 2016,1454431175.657003,+299.373,+299.395,+299.236,+299.037,+300.136,1.259E+0
Tue Feb  2 11:39:37 2016,1454431177.15965,+299.373,+299.395,+299.236,+299.037,+300.136,1.257E+0
Tue Feb  2 11:39:38 2016,1454431178.662324,+299.373,+299.395,+299.236,+299.037,+300.136,1.253E+0
Tue Feb  2 11:39:40 2016,1454431180.164952,+299.373,+299.396,+299.236,+299.037,+300.136,1.251E+0
Tue Feb  2 11:39:41 2016,1454431181.667647,+299.373,+299.395,+299.236,+299.037,+300.136,1.248E+0
Tue Feb  2 11:39:43 2016,1454431183.17027,+299.373,+299.395,+299.236,+299.037,+300.136,1.245E+0
Tue Feb  2 11:39:44 2016,1454431184.672975,+299.373,+299.396,+299.236,+299.037,+300.136,1.242E+0
Tue Feb  2 11:39:46 2016,1454431186.175577,+299.372,+299.395,+299.236,+299.037,+300.136,1.241E+0
Tue Feb  2 11:39:47 2016,1454431187.678215,+299.373,+299.395,+299.236,+299.037,+300.136,1.237E+0
Tue Feb  2 11:39:49 2016,1454431189.180889,+299.373,+299.395,+299.236,+299.037,+300.135,1.235E+0
Tue Feb  2 11:39:50 2016,1454431190.683579,+299.373,+299.395,+299.236,+299.037,+300.135,1.231E+0
Tue Feb  2 11:39:52 2016,1454431192.186197,+299.373,+299.395,+299.236,+299.037,+300.135,1.228E+0
Tue Feb  2 11:39:53 2016,1454431193.688895,+299.373,+299.395,+299.236,+299.037,+300.135,1.227E+0
Tue Feb  2 11:39:55 2016,1454431195.191594,+299.373,+299.396,+299.236,+299.037,+300.135,1.224E+0
Tue Feb  2 11:39:56 2016,1454431196.69423,+299.373,+299.396,+299.235,+299.037,+300.135,1.221E+0
Tue Feb  2 11:39:58 2016,1454431198.196492,+299.373,+299.396,+299.235,+299.037,+300.135,1.218E+0
Tue Feb  2 11:39:59 2016,1454431199.69915,+299.373,+299.396,+299.235,+299.037,+300.135,1.215E+0
Tue Feb  2 11:40:01 2016,1454431201.201844,+299.373,+299.395,+299.236,+299.037,+300.135,1.213E+0
Tue Feb  2 11:40:02 2016,1454431202.704506,+299.373,+299.396,+299.235,+299.037,+300.135,1.213E+0
Tue Feb  2 11:40:04 2016,1454431204.207185,+299.373,+299.395,+299.236,+299.037,+300.135,1.209E+0
Tue Feb  2 11:40:05 2016,1454431205.709875,+299.372,+299.396,+299.236,+299.037,+300.135,1.206E+0
Tue Feb  2 11:40:07 2016,1454431207.212523,+299.373,+299.396,+299.236,+299.037,+300.135,1.205E+0
Tue Feb  2 11:40:08 2016,1454431208.7152,+299.373,+299.396,+299.236,+299.037,+300.135,1.202E+0
Tue Feb  2 11:40:10 2016,1454431210.21783,+299.373,+299.396,+299.236,+299.037,+300.135,1.199E+0
Tue Feb  2 11:40:11 2016,1454431211.720299,+299.373,+299.396,+299.236,+299.037,+300.135,1.197E+0
Tue Feb  2 11:40:13 2016,1454431213.223028,+299.373,+299.396,+299.236,+299.037,+300.135,1.194E+0
Tue Feb  2 11:40:14 2016,1454431214.725691,+299.373,+299.396,+299.236,+299.037,+300.135,1.193E+0
Tue Feb  2 11:40:16 2016,1454431216.228313,+299.373,+299.396,+299.236,+299.037,+300.135,1.189E+0
Tue Feb  2 11:40:17 2016,1454431217.730953,+299.374,+299.396,+299.236,+299.037,+300.135,1.189E+0
Tue Feb  2 11:40:19 2016,1454431219.233598,+299.373,+299.396,+299.236,+299.037,+300.135,1.184E+0
Tue Feb  2 11:40:20 2016,1454431220.73535,+299.373,+299.396,+299.236,+299.037,+300.135,1.180E+0
Tue Feb  2 11:40:22 2016,1454431222.237991,+299.374,+299.396,+299.236,+299.037,+300.135,1.179E+0
Tue Feb  2 11:40:23 2016,1454431223.740658,+299.374,+299.396,+299.236,+299.037,+300.135,1.175E+0
Tue Feb  2 11:40:25 2016,1454431225.243392,+299.374,+299.396,+299.236,+299.037,+300.135,1.173E+0
Tue Feb  2 11:40:26 2016,1454431226.746033,+299.374,+299.396,+299.236,+299.037,+300.135,1.170E+0
Tue Feb  2 11:40:28 2016,1454431228.248682,+299.374,+299.396,+299.236,+299.037,+300.135,1.168E+0
Tue Feb  2 11:40:29 2016,1454431229.751315,+299.374,+299.396,+299.236,+299.037,+300.135,1.165E+0
Tue Feb  2 11:40:31 2016,1454431231.253159,+299.374,+299.396,+299.236,+299.037,+300.135,1.163E+0
Tue Feb  2 11:40:32 2016,1454431232.755794,+299.374,+299.395,+299.236,+299.037,+300.134,1.161E+0
Tue Feb  2 11:40:34 2016,1454431234.257989,+299.373,+299.396,+299.236,+299.037,+300.134,1.158E+0
Tue Feb  2 11:40:35 2016,1454431235.760668,+299.373,+299.396,+299.236,+299.037,+300.134,1.156E+0
Tue Feb  2 11:40:37 2016,1454431237.263312,+299.373,+299.396,+299.236,+299.037,+300.134,1.155E+0
Tue Feb  2 11:40:38 2016,1454431238.765936,+299.374,+299.396,+299.236,+299.037,+300.134,1.150E+0
Tue Feb  2 11:40:40 2016,1454431240.268526,+299.373,+299.395,+299.236,+299.037,+300.134,1.147E+0
Tue Feb  2 11:40:41 2016,1454431241.771162,+299.373,+299.395,+299.236,+299.037,+300.134,1.143E+0
Tue Feb  2 11:40:43 2016,1454431243.273803,+299.373,+299.396,+299.236,+299.037,+300.134,1.142E+0
Tue Feb  2 11:40:44 2016,1454431244.776486,+299.374,+299.395,+299.236,+299.037,+300.134,1.139E+0
Tue Feb  2 11:40:46 2016,1454431246.279074,+299.374,+299.395,+299.236,+299.037,+300.134,1.138E+0
Tue Feb  2 11:40:47 2016,1454431247.781724,+299.374,+299.395,+299.236,+299.037,+300.134,1.135E+0
Tue Feb  2 11:40:49 2016,1454431249.284388,+299.374,+299.396,+299.236,+299.037,+300.134,1.133E+0
Tue Feb  2 11:40:50 2016,1454431250.787037,+299.374,+299.396,+299.236,+299.037,+300.134,1.131E+0
Tue Feb  2 11:40:52 2016,1454431252.289703,+299.374,+299.396,+299.236,+299.037,+300.134,1.129E+0
Tue Feb  2 11:40:53 2016,1454431253.792392,+299.374,+299.396,+299.236,+299.037,+300.134,1.126E+0
Tue Feb  2 11:40:55 2016,1454431255.295043,+299.374,+299.396,+299.236,+299.037,+300.134,1.123E+0
Tue Feb  2 11:40:56 2016,1454431256.797678,+299.374,+299.396,+299.236,+299.037,+300.134,1.121E+0
Tue Feb  2 11:40:58 2016,1454431258.300382,+299.373,+299.396,+299.236,+299.037,+300.134,1.119E+0
Tue Feb  2 11:40:59 2016,1454431259.803064,+299.374,+299.395,+299.236,+299.037,+300.134,1.117E+0
Tue Feb  2 11:41:01 2016,1454431261.305854,+299.374,+299.395,+299.236,+299.037,+300.134,1.116E+0
Tue Feb  2 11:41:02 2016,1454431262.808469,+299.374,+299.396,+299.236,+299.037,+300.134,1.111E+0
Tue Feb  2 11:41:04 2016,1454431264.311129,+299.374,+299.396,+299.236,+299.037,+300.134,1.110E+0
Tue Feb  2 11:41:05 2016,1454431265.813801,+299.374,+299.395,+299.236,+299.037,+300.134,1.109E+0
Tue Feb  2 11:41:07 2016,1454431267.316485,+299.374,+299.395,+299.236,+299.037,+300.134,1.108E+0
Tue Feb  2 11:41:08 2016,1454431268.819124,+299.374,+299.395,+299.236,+299.037,+300.134,1.104E+0
Tue Feb  2 11:41:10 2016,1454431270.321781,+299.374,+299.395,+299.236,+299.038,+300.134,1.104E+0
Tue Feb  2 11:41:11 2016,1454431271.824404,+299.374,+299.396,+299.236,+299.038,+300.134,1.103E+0
Tue Feb  2 11:41:13 2016,1454431273.327092,+299.373,+299.395,+299.236,+299.038,+300.134,1.101E+0
Tue Feb  2 11:41:14 2016,1454431274.829769,+299.373,+299.396,+299.236,+299.038,+300.134,1.100E+0
Tue Feb  2 11:41:16 2016,1454431276.332048,+299.373,+299.395,+299.236,+299.037,+300.134,1.096E+0
Tue Feb  2 11:41:17 2016,1454431277.83464,+299.374,+299.396,+299.236,+299.037,+300.133,1.094E+0
Tue Feb  2 11:41:19 2016,1454431279.337316,+299.374,+299.396,+299.236,+299.037,+300.133,1.090E+0
Tue Feb  2 11:41:20 2016,1454431280.839939,+299.374,+299.396,+299.236,+299.037,+300.133,1.086E+0
Tue Feb  2 11:41:22 2016,1454431282.342562,+299.374,+299.396,+299.236,+299.037,+300.133,1.083E+0
Tue Feb  2 11:41:23 2016,1454431283.84527,+299.374,+299.395,+299.236,+299.037,+300.133,1.081E+0
Tue Feb  2 11:41:25 2016,1454431285.347994,+299.374,+299.396,+299.236,+299.037,+300.133,1.079E+0
Tue Feb  2 11:41:26 2016,1454431286.850678,+299.374,+299.396,+299.236,+299.037,+300.133,1.077E+0
Tue Feb  2 11:41:28 2016,1454431288.353204,+299.373,+299.395,+299.236,+299.037,+300.133,1.072E+0
Tue Feb  2 11:41:29 2016,1454431289.855916,+299.373,+299.396,+299.236,+299.037,+300.133,1.068E+0
Tue Feb  2 11:41:31 2016,1454431291.358551,+299.374,+299.395,+299.236,+299.037,+300.133,1.066E+0
Tue Feb  2 11:41:32 2016,1454431292.861189,+299.374,+299.395,+299.236,+299.037,+300.133,1.064E+0
Tue Feb  2 11:41:34 2016,1454431294.363836,+299.374,+299.396,+299.236,+299.037,+300.133,1.063E+0
Tue Feb  2 11:41:35 2016,1454431295.866524,+299.373,+299.396,+299.236,+299.038,+300.133,1.061E+0
Tue Feb  2 11:41:37 2016,1454431297.369153,+299.374,+299.396,+299.236,+299.038,+300.133,1.060E+0
Tue Feb  2 11:41:38 2016,1454431298.87178,+299.373,+299.396,+299.236,+299.037,+300.133,1.056E+0
Tue Feb  2 11:41:40 2016,1454431300.374441,+299.373,+299.396,+299.236,+299.037,+300.133,1.055E+0
Tue Feb  2 11:41:41 2016,1454431301.877111,+299.374,+299.396,+299.236,+299.037,+300.133,1.054E+0
Tue Feb  2 11:41:43 2016,1454431303.379276,+299.374,+299.396,+299.236,+299.037,+300.133,1.051E+0
Tue Feb  2 11:41:44 2016,1454431304.881887,+299.374,+299.396,+299.236,+299.037,+300.133,1.049E+0
Tue Feb  2 11:41:46 2016,1454431306.384517,+299.373,+299.396,+299.236,+299.037,+300.133,1.048E+0
Tue Feb  2 11:41:47 2016,1454431307.887161,+299.374,+299.396,+299.236,+299.037,+300.133,1.046E+0
Tue Feb  2 11:41:49 2016,1454431309.38985,+299.373,+299.396,+299.236,+299.037,+300.133,1.045E+0
Tue Feb  2 11:41:50 2016,1454431310.892467,+299.374,+299.396,+299.236,+299.037,+300.133,1.043E+0
Tue Feb  2 11:41:52 2016,1454431312.395152,+299.374,+299.396,+299.236,+299.037,+300.133,1.041E+0
Tue Feb  2 11:41:53 2016,1454431313.89781,+299.374,+299.396,+299.236,+299.037,+300.133,1.037E+0
Tue Feb  2 11:41:55 2016,1454431315.40046,+299.374,+299.396,+299.236,+299.037,+300.133,1.035E+0
Tue Feb  2 11:41:56 2016,1454431316.903147,+299.374,+299.396,+299.236,+299.037,+300.133,1.030E+0
Tue Feb  2 11:41:58 2016,1454431318.405807,+299.374,+299.396,+299.236,+299.037,+300.133,1.026E+0
Tue Feb  2 11:41:59 2016,1454431319.908475,+299.373,+299.396,+299.236,+299.038,+300.133,1.024E+0
Tue Feb  2 11:42:01 2016,1454431321.411202,+299.374,+299.396,+299.236,+299.038,+300.133,1.020E+0
Tue Feb  2 11:42:02 2016,1454431322.913835,+299.374,+299.396,+299.236,+299.038,+300.133,1.018E+0
Tue Feb  2 11:42:04 2016,1454431324.416477,+299.374,+299.396,+299.236,+299.038,+300.133,1.017E+0
Tue Feb  2 11:42:05 2016,1454431325.919198,+299.374,+299.396,+299.236,+299.037,+300.133,1.015E+0
Tue Feb  2 11:42:07 2016,1454431327.421848,+299.374,+299.396,+299.236,+299.037,+300.132,1.013E+0
Tue Feb  2 11:42:08 2016,1454431328.924542,+299.374,+299.396,+299.236,+299.037,+300.132,1.011E+0
Tue Feb  2 11:42:10 2016,1454431330.427257,+299.374,+299.395,+299.236,+299.037,+300.133,1.008E+0
Tue Feb  2 11:42:11 2016,1454431331.929885,+299.374,+299.396,+299.236,+299.037,+300.132,1.004E+0
Tue Feb  2 11:42:13 2016,1454431333.43249,+299.374,+299.396,+299.236,+299.037,+300.132,1.002E+0
Tue Feb  2 11:42:14 2016,1454431334.935106,+299.374,+299.395,+299.236,+299.037,+300.132,1.000E+0
Tue Feb  2 11:42:16 2016,1454431336.437787,+299.373,+299.395,+299.236,+299.037,+300.132,9.850E-1
Tue Feb  2 11:42:17 2016,1454431337.940422,+299.373,+299.396,+299.236,+299.037,+300.132,9.803E-1
Tue Feb  2 11:42:19 2016,1454431339.443075,+299.374,+299.396,+299.237,+299.037,+300.132,9.802E-1
Tue Feb  2 11:42:20 2016,1454431340.945646,+299.374,+299.396,+299.237,+299.037,+300.132,9.768E-1
Tue Feb  2 11:42:22 2016,1454431342.448283,+299.374,+299.396,+299.237,+299.037,+300.132,9.762E-1
Tue Feb  2 11:42:23 2016,1454431343.95103,+299.374,+299.396,+299.237,+299.037,+300.132,9.735E-1
Tue Feb  2 11:42:25 2016,1454431345.453702,+299.374,+299.396,+299.237,+299.037,+300.132,9.716E-1
Tue Feb  2 11:42:26 2016,1454431346.956396,+299.374,+299.396,+299.237,+299.037,+300.132,9.678E-1
Tue Feb  2 11:42:28 2016,1454431348.458752,+299.374,+299.396,+299.237,+299.037,+300.132,9.639E-1
Tue Feb  2 11:42:29 2016,1454431349.961445,+299.374,+299.396,+299.237,+299.037,+300.132,9.627E-1
Tue Feb  2 11:42:31 2016,1454431351.463835,+299.374,+299.396,+299.237,+299.037,+300.132,9.622E-1
Tue Feb  2 11:42:32 2016,1454431352.966495,+299.374,+299.396,+299.237,+299.038,+300.132,9.587E-1
Tue Feb  2 11:42:34 2016,1454431354.46913,+299.374,+299.396,+299.237,+299.038,+300.132,9.561E-1
Tue Feb  2 11:42:35 2016,1454431355.971786,+299.374,+299.396,+299.237,+299.038,+300.132,9.546E-1
Tue Feb  2 11:42:37 2016,1454431357.474377,+299.375,+299.396,+299.237,+299.039,+300.132,9.537E-1
Tue Feb  2 11:42:38 2016,1454431358.976991,+299.374,+299.396,+299.236,+299.038,+300.132,9.507E-1
Tue Feb  2 11:42:40 2016,1454431360.479676,+299.374,+299.396,+299.237,+299.038,+300.132,9.498E-1
Tue Feb  2 11:42:41 2016,1454431361.982266,+299.374,+299.396,+299.236,+299.037,+300.132,9.449E-1
Tue Feb  2 11:42:43 2016,1454431363.484986,+299.374,+299.396,+299.236,+299.038,+300.132,9.441E-1
Tue Feb  2 11:42:44 2016,1454431364.987609,+299.374,+299.396,+299.236,+299.037,+300.132,9.401E-1
Tue Feb  2 11:42:46 2016,1454431366.489888,+299.374,+299.396,+299.237,+299.037,+300.132,9.365E-1
Tue Feb  2 11:42:47 2016,1454431367.992511,+299.374,+299.396,+299.237,+299.037,+300.132,9.361E-1
Tue Feb  2 11:42:49 2016,1454431369.495138,+299.374,+299.396,+299.237,+299.038,+300.132,9.334E-1
Tue Feb  2 11:42:50 2016,1454431370.997707,+299.374,+299.396,+299.237,+299.037,+300.132,9.319E-1
Tue Feb  2 11:42:52 2016,1454431372.500301,+299.374,+299.396,+299.237,+299.037,+300.132,9.315E-1
Tue Feb  2 11:42:54 2016,1454431374.002983,+299.374,+299.396,+299.237,+299.038,+300.132,9.260E-1
Tue Feb  2 11:42:55 2016,1454431375.505679,+299.374,+299.396,+299.237,+299.037,+300.131,9.245E-1
Tue Feb  2 11:42:57 2016,1454431377.007983,+299.374,+299.396,+299.237,+299.038,+300.131,9.226E-1
Tue Feb  2 11:42:58 2016,1454431378.510548,+299.374,+299.395,+299.237,+299.037,+300.131,9.223E-1
Tue Feb  2 11:43:00 2016,1454431380.01314,+299.374,+299.396,+299.236,+299.037,+300.131,9.182E-1
Tue Feb  2 11:43:01 2016,1454431381.515819,+299.374,+299.396,+299.237,+299.037,+300.131,9.132E-1
Tue Feb  2 11:43:03 2016,1454431383.017987,+299.374,+299.396,+299.237,+299.038,+300.131,9.140E-1
Tue Feb  2 11:43:04 2016,1454431384.520633,+299.374,+299.396,+299.237,+299.038,+300.131,9.107E-1
Tue Feb  2 11:43:06 2016,1454431386.023324,+299.374,+299.396,+299.237,+299.038,+300.131,9.095E-1
Tue Feb  2 11:43:07 2016,1454431387.525944,+299.374,+299.396,+299.236,+299.038,+300.131,9.063E-1
Tue Feb  2 11:43:09 2016,1454431389.027993,+299.374,+299.396,+299.236,+299.037,+300.131,9.022E-1
Tue Feb  2 11:43:10 2016,1454431390.530739,+299.374,+299.396,+299.236,+299.037,+300.131,8.989E-1
Tue Feb  2 11:43:12 2016,1454431392.032991,+299.374,+299.396,+299.236,+299.038,+300.131,8.971E-1
Tue Feb  2 11:43:13 2016,1454431393.53579,+299.375,+299.396,+299.236,+299.038,+300.131,8.943E-1
Tue Feb  2 11:43:15 2016,1454431395.038389,+299.374,+299.396,+299.236,+299.038,+300.131,8.931E-1
Tue Feb  2 11:43:16 2016,1454431396.541002,+299.374,+299.396,+299.236,+299.037,+300.131,8.892E-1
Tue Feb  2 11:43:18 2016,1454431398.043693,+299.374,+299.396,+299.236,+299.037,+300.131,8.868E-1
Tue Feb  2 11:43:19 2016,1454431399.546394,+299.375,+299.397,+299.237,+299.038,+300.131,8.842E-1
Tue Feb  2 11:43:21 2016,1454431401.049018,+299.375,+299.397,+299.236,+299.038,+300.131,8.832E-1
Tue Feb  2 11:43:22 2016,1454431402.551699,+299.374,+299.397,+299.237,+299.037,+300.131,8.812E-1
Tue Feb  2 11:43:24 2016,1454431404.054314,+299.374,+299.396,+299.237,+299.037,+300.131,8.792E-1
Tue Feb  2 11:43:25 2016,1454431405.5571,+299.374,+299.396,+299.237,+299.037,+300.131,8.763E-1
Tue Feb  2 11:43:27 2016,1454431407.059729,+299.374,+299.397,+299.237,+299.038,+300.131,8.725E-1
Tue Feb  2 11:43:28 2016,1454431408.562336,+299.374,+299.396,+299.237,+299.038,+300.131,8.715E-1
Tue Feb  2 11:43:30 2016,1454431410.064969,+299.374,+299.396,+299.237,+299.038,+300.131,8.678E-1
Tue Feb  2 11:43:31 2016,1454431411.567664,+299.374,+299.397,+299.237,+299.038,+300.130,8.658E-1
Tue Feb  2 11:43:33 2016,1454431413.070351,+299.374,+299.397,+299.237,+299.038,+300.130,8.621E-1
Tue Feb  2 11:43:34 2016,1454431414.57298,+299.375,+299.397,+299.237,+299.038,+300.130,8.589E-1
Tue Feb  2 11:43:36 2016,1454431416.075616,+299.374,+299.397,+299.237,+299.038,+300.130,8.568E-1
Tue Feb  2 11:43:37 2016,1454431417.578301,+299.374,+299.397,+299.237,+299.038,+300.130,8.546E-1
Tue Feb  2 11:43:39 2016,1454431419.080923,+299.374,+299.397,+299.237,+299.038,+300.130,8.515E-1
Tue Feb  2 11:43:40 2016,1454431420.583605,+299.375,+299.397,+299.236,+299.037,+300.130,8.493E-1
Tue Feb  2 11:43:42 2016,1454431422.08589,+299.375,+299.397,+299.237,+299.038,+300.130,8.468E-1
Tue Feb  2 11:43:43 2016,1454431423.588513,+299.374,+299.397,+299.237,+299.037,+300.130,8.456E-1
Tue Feb  2 11:43:45 2016,1454431425.091171,+299.375,+299.397,+299.237,+299.037,+300.130,8.425E-1
Tue Feb  2 11:43:46 2016,1454431426.593854,+299.375,+299.397,+299.237,+299.037,+300.130,8.414E-1
Tue Feb  2 11:43:48 2016,1454431428.096488,+299.375,+299.397,+299.236,+299.037,+300.130,8.380E-1
Tue Feb  2 11:43:49 2016,1454431429.598367,+299.375,+299.397,+299.236,+299.037,+300.130,8.375E-1
Tue Feb  2 11:43:51 2016,1454431431.100908,+299.375,+299.397,+299.236,+299.037,+300.130,8.350E-1
Tue Feb  2 11:43:52 2016,1454431432.603591,+299.375,+299.397,+299.237,+299.037,+300.130,8.340E-1
Tue Feb  2 11:43:54 2016,1454431434.106215,+299.375,+299.397,+299.236,+299.037,+300.130,8.323E-1
Tue Feb  2 11:43:55 2016,1454431435.608921,+299.374,+299.397,+299.237,+299.038,+300.130,8.315E-1
Tue Feb  2 11:43:57 2016,1454431437.111584,+299.374,+299.397,+299.237,+299.038,+300.130,8.279E-1
Tue Feb  2 11:43:58 2016,1454431438.614226,+299.375,+299.397,+299.236,+299.038,+300.130,8.224E-1
Tue Feb  2 11:44:00 2016,1454431440.116929,+299.374,+299.397,+299.236,+299.038,+300.130,8.207E-1
Tue Feb  2 11:44:01 2016,1454431441.619629,+299.374,+299.397,+299.236,+299.038,+300.130,8.202E-1
Tue Feb  2 11:44:03 2016,1454431443.122253,+299.374,+299.396,+299.236,+299.038,+300.130,8.188E-1
Tue Feb  2 11:44:04 2016,1454431444.624928,+299.374,+299.396,+299.236,+299.038,+300.130,8.159E-1
Tue Feb  2 11:44:06 2016,1454431446.127639,+299.374,+299.396,+299.236,+299.038,+300.130,8.129E-1
Tue Feb  2 11:44:07 2016,1454431447.630336,+299.375,+299.396,+299.236,+299.038,+300.130,8.098E-1
Tue Feb  2 11:44:09 2016,1454431449.133021,+299.375,+299.396,+299.236,+299.038,+300.130,8.069E-1
Tue Feb  2 11:44:10 2016,1454431450.635706,+299.375,+299.396,+299.236,+299.038,+300.130,8.057E-1
Tue Feb  2 11:44:12 2016,1454431452.13836,+299.375,+299.396,+299.236,+299.038,+300.130,8.066E-1
Tue Feb  2 11:44:13 2016,1454431453.641022,+299.375,+299.396,+299.236,+299.038,+300.130,8.030E-1
Tue Feb  2 11:44:15 2016,1454431455.143644,+299.375,+299.396,+299.236,+299.038,+300.130,8.024E-1
Tue Feb  2 11:44:16 2016,1454431456.646363,+299.375,+299.396,+299.236,+299.038,+300.130,8.019E-1
Tue Feb  2 11:44:18 2016,1454431458.148326,+299.375,+299.396,+299.236,+299.038,+300.130,8.002E-1
Tue Feb  2 11:44:19 2016,1454431459.65096,+299.375,+299.396,+299.236,+299.038,+300.130,7.960E-1
Tue Feb  2 11:44:21 2016,1454431461.153573,+299.375,+299.397,+299.236,+299.038,+300.130,7.913E-1
Tue Feb  2 11:44:22 2016,1454431462.656266,+299.375,+299.396,+299.236,+299.038,+300.130,7.881E-1
Tue Feb  2 11:44:24 2016,1454431464.158925,+299.376,+299.397,+299.236,+299.038,+300.130,7.846E-1
Tue Feb  2 11:44:25 2016,1454431465.661623,+299.375,+299.396,+299.236,+299.038,+300.130,7.794E-1
Tue Feb  2 11:44:27 2016,1454431467.164247,+299.375,+299.396,+299.237,+299.038,+300.130,7.787E-1
Tue Feb  2 11:44:28 2016,1454431468.666916,+299.375,+299.396,+299.237,+299.038,+300.129,7.790E-1
Tue Feb  2 11:44:30 2016,1454431470.169538,+299.375,+299.396,+299.236,+299.038,+300.129,7.780E-1
Tue Feb  2 11:44:31 2016,1454431471.672259,+299.375,+299.397,+299.237,+299.038,+300.129,7.741E-1
Tue Feb  2 11:44:33 2016,1454431473.174919,+299.375,+299.395,+299.237,+299.038,+300.129,7.715E-1
Tue Feb  2 11:44:34 2016,1454431474.677551,+299.375,+299.396,+299.237,+299.037,+300.129,7.690E-1
Tue Feb  2 11:44:36 2016,1454431476.180081,+299.375,+299.396,+299.237,+299.038,+300.129,7.659E-1
Tue Feb  2 11:44:37 2016,1454431477.682729,+299.375,+299.396,+299.237,+299.038,+300.129,7.628E-1
Tue Feb  2 11:44:39 2016,1454431479.185369,+299.375,+299.396,+299.237,+299.038,+300.129,7.615E-1
Tue Feb  2 11:44:40 2016,1454431480.688079,+299.375,+299.397,+299.237,+299.038,+300.129,7.601E-1
Tue Feb  2 11:44:42 2016,1454431482.190678,+299.375,+299.397,+299.237,+299.038,+300.129,7.561E-1
Tue Feb  2 11:44:43 2016,1454431483.693343,+299.375,+299.397,+299.237,+299.038,+300.129,7.560E-1
Tue Feb  2 11:44:45 2016,1454431485.195913,+299.375,+299.397,+299.237,+299.038,+300.129,7.557E-1
Tue Feb  2 11:44:46 2016,1454431486.697974,+299.375,+299.397,+299.237,+299.038,+300.129,7.547E-1
Tue Feb  2 11:44:48 2016,1454431488.200547,+299.375,+299.397,+299.237,+299.038,+300.129,7.512E-1
Tue Feb  2 11:44:49 2016,1454431489.703257,+299.375,+299.397,+299.236,+299.038,+300.129,7.486E-1
Tue Feb  2 11:44:51 2016,1454431491.205905,+299.375,+299.397,+299.236,+299.038,+300.129,7.471E-1
Tue Feb  2 11:44:52 2016,1454431492.707989,+299.375,+299.396,+299.237,+299.037,+300.129,7.474E-1
Tue Feb  2 11:44:54 2016,1454431494.210021,+299.375,+299.397,+299.237,+299.038,+300.129,7.474E-1
Tue Feb  2 11:44:55 2016,1454431495.712705,+299.375,+299.397,+299.237,+299.037,+300.129,7.460E-1
Tue Feb  2 11:44:57 2016,1454431497.215316,+299.376,+299.396,+299.236,+299.039,+300.129,7.433E-1
Tue Feb  2 11:44:58 2016,1454431498.717982,+299.375,+299.397,+299.237,+299.038,+300.129,7.406E-1
Tue Feb  2 11:45:00 2016,1454431500.220565,+299.375,+299.397,+299.236,+299.038,+300.129,7.356E-1
Tue Feb  2 11:45:01 2016,1454431501.723122,+299.375,+299.397,+299.237,+299.038,+300.129,7.332E-1
Tue Feb  2 11:45:03 2016,1454431503.225749,+299.375,+299.397,+299.236,+299.037,+300.129,7.345E-1
Tue Feb  2 11:45:04 2016,1454431504.728505,+299.375,+299.397,+299.236,+299.038,+300.129,7.357E-1
Tue Feb  2 11:45:06 2016,1454431506.231124,+299.375,+299.397,+299.237,+299.038,+300.129,7.365E-1
Tue Feb  2 11:45:07 2016,1454431507.733761,+299.375,+299.397,+299.237,+299.038,+300.129,7.380E-1
Tue Feb  2 11:45:09 2016,1454431509.236451,+299.375,+299.397,+299.237,+299.038,+300.129,7.389E-1
Tue Feb  2 11:45:10 2016,1454431510.739181,+299.375,+299.397,+299.237,+299.038,+300.128,7.401E-1
Tue Feb  2 11:45:12 2016,1454431512.241585,+299.375,+299.397,+299.237,+299.038,+300.128,7.407E-1
Tue Feb  2 11:45:13 2016,1454431513.743959,+299.375,+299.397,+299.237,+299.038,+300.128,7.410E-1
Tue Feb  2 11:45:15 2016,1454431515.246581,+299.375,+299.397,+299.237,+299.038,+300.128,7.421E-1
Tue Feb  2 11:45:16 2016,1454431516.749311,+299.375,+299.397,+299.236,+299.038,+300.128,7.428E-1
Tue Feb  2 11:45:18 2016,1454431518.252034,+299.375,+299.397,+299.236,+299.038,+300.128,7.430E-1
Tue Feb  2 11:45:19 2016,1454431519.754724,+299.375,+299.397,+299.237,+299.037,+300.128,7.434E-1
Tue Feb  2 11:45:21 2016,1454431521.257385,+299.375,+299.397,+299.236,+299.037,+300.128,7.438E-1
Tue Feb  2 11:45:22 2016,1454431522.760099,+299.375,+299.397,+299.236,+299.037,+300.128,7.437E-1
Tue Feb  2 11:45:24 2016,1454431524.26279,+299.375,+299.397,+299.236,+299.037,+300.128,7.437E-1
Tue Feb  2 11:45:25 2016,1454431525.765484,+299.375,+299.397,+299.237,+299.037,+300.128,7.441E-1
Tue Feb  2 11:45:27 2016,1454431527.268153,+299.375,+299.397,+299.237,+299.037,+300.128,7.440E-1
Tue Feb  2 11:45:28 2016,1454431528.770852,+299.375,+299.397,+299.237,+299.038,+300.128,7.440E-1
Tue Feb  2 11:45:30 2016,1454431530.273507,+299.375,+299.397,+299.237,+299.038,+300.128,7.442E-1
Tue Feb  2 11:45:31 2016,1454431531.776141,+299.375,+299.397,+299.237,+299.038,+300.128,7.441E-1
Tue Feb  2 11:45:33 2016,1454431533.278769,+299.376,+299.397,+299.237,+299.038,+300.128,7.436E-1
Tue Feb  2 11:45:34 2016,1454431534.781487,+299.376,+299.397,+299.236,+299.038,+300.128,7.433E-1
Tue Feb  2 11:45:36 2016,1454431536.28413,+299.375,+299.397,+299.237,+299.037,+300.128,7.431E-1
Tue Feb  2 11:45:37 2016,1454431537.786785,+299.375,+299.397,+299.237,+299.037,+300.128,7.424E-1
Tue Feb  2 11:45:39 2016,1454431539.289446,+299.375,+299.397,+299.237,+299.038,+300.128,7.421E-1
Tue Feb  2 11:45:40 2016,1454431540.792117,+299.375,+299.397,+299.237,+299.038,+300.128,7.415E-1
Tue Feb  2 11:45:42 2016,1454431542.294808,+299.375,+299.397,+299.237,+299.038,+300.128,7.406E-1
Tue Feb  2 11:45:43 2016,1454431543.797517,+299.375,+299.397,+299.236,+299.037,+300.127,7.397E-1
Tue Feb  2 11:45:45 2016,1454431545.300141,+299.375,+299.396,+299.237,+299.037,+300.127,7.389E-1
Tue Feb  2 11:45:46 2016,1454431546.802856,+299.375,+299.397,+299.237,+299.038,+300.127,7.379E-1
Tue Feb  2 11:45:48 2016,1454431548.3055,+299.375,+299.397,+299.237,+299.038,+300.127,7.366E-1
Tue Feb  2 11:45:49 2016,1454431549.808181,+299.375,+299.397,+299.237,+299.038,+300.127,7.350E-1
Tue Feb  2 11:45:51 2016,1454431551.311052,+299.376,+299.397,+299.237,+299.038,+300.127,7.341E-1
Tue Feb  2 11:45:52 2016,1454431552.813795,+299.375,+299.397,+299.237,+299.038,+300.127,7.319E-1
Tue Feb  2 11:45:54 2016,1454431554.316589,+299.375,+299.397,+299.237,+299.037,+300.127,7.310E-1
Tue Feb  2 11:45:55 2016,1454431555.819508,+299.376,+299.397,+299.237,+299.037,+300.127,7.297E-1
Tue Feb  2 11:45:57 2016,1454431557.322356,+299.376,+299.397,+299.237,+299.038,+300.127,7.283E-1
Tue Feb  2 11:45:58 2016,1454431558.825435,+299.376,+299.397,+299.237,+299.037,+300.127,7.268E-1
Tue Feb  2 11:46:00 2016,1454431560.32839,+299.375,+299.397,+299.237,+299.038,+300.127,7.254E-1
Tue Feb  2 11:46:01 2016,1454431561.831195,+299.375,+299.397,+299.237,+299.038,+300.127,7.228E-1
Tue Feb  2 11:46:03 2016,1454431563.333983,+299.375,+299.397,+299.237,+299.038,+300.127,7.215E-1
Tue Feb  2 11:46:04 2016,1454431564.836723,+299.375,+299.397,+299.237,+299.037,+300.127,7.200E-1
Tue Feb  2 11:46:06 2016,1454431566.339397,+299.375,+299.397,+299.237,+299.037,+300.127,7.188E-1
Tue Feb  2 11:46:07 2016,1454431567.842246,+299.375,+299.397,+299.237,+299.037,+300.127,7.157E-1
Tue Feb  2 11:46:09 2016,1454431569.345087,+299.375,+299.397,+299.237,+299.037,+300.127,7.142E-1
Tue Feb  2 11:46:10 2016,1454431570.848023,+299.375,+299.397,+299.237,+299.037,+300.127,7.120E-1
Tue Feb  2 11:46:12 2016,1454431572.350746,+299.375,+299.397,+299.237,+299.037,+300.126,7.094E-1
Tue Feb  2 11:46:13 2016,1454431573.853439,+299.376,+299.397,+299.237,+299.037,+300.126,7.065E-1
Tue Feb  2 11:46:15 2016,1454431575.355504,+299.375,+299.397,+299.237,+299.037,+300.126,7.038E-1
Tue Feb  2 11:46:16 2016,1454431576.858394,+299.375,+299.397,+299.237,+299.037,+300.126,7.022E-1
Tue Feb  2 11:46:18 2016,1454431578.361257,+299.375,+299.397,+299.237,+299.037,+300.126,7.012E-1
Tue Feb  2 11:46:19 2016,1454431579.863215,+299.375,+299.398,+299.237,+299.037,+300.126,6.984E-1
Tue Feb  2 11:46:21 2016,1454431581.365899,+299.375,+299.397,+299.237,+299.038,+300.126,6.969E-1
Tue Feb  2 11:46:22 2016,1454431582.868754,+299.375,+299.397,+299.237,+299.037,+300.126,6.932E-1
Tue Feb  2 11:46:24 2016,1454431584.370965,+299.375,+299.397,+299.237,+299.038,+300.126,6.904E-1
Tue Feb  2 11:46:25 2016,1454431585.873071,+299.375,+299.397,+299.237,+299.038,+300.126,6.885E-1
Tue Feb  2 11:46:27 2016,1454431587.375978,+299.375,+299.398,+299.237,+299.037,+300.126,6.837E-1
Tue Feb  2 11:46:28 2016,1454431588.878018,+299.375,+299.398,+299.237,+299.038,+300.126,6.828E-1
Tue Feb  2 11:46:30 2016,1454431590.380585,+299.376,+299.397,+299.237,+299.038,+300.126,6.781E-1
Tue Feb  2 11:46:31 2016,1454431591.883386,+299.375,+299.398,+299.237,+299.039,+300.126,6.779E-1
Tue Feb  2 11:46:33 2016,1454431593.386201,+299.376,+299.397,+299.237,+299.038,+300.126,6.734E-1
Tue Feb  2 11:46:34 2016,1454431594.889075,+299.376,+299.396,+299.237,+299.039,+300.126,6.699E-1
Tue Feb  2 11:46:36 2016,1454431596.391348,+299.376,+299.397,+299.237,+299.038,+300.126,6.671E-1
Tue Feb  2 11:46:37 2016,1454431597.894121,+299.375,+299.398,+299.237,+299.038,+300.126,6.628E-1
Tue Feb  2 11:46:39 2016,1454431599.396895,+299.376,+299.398,+299.237,+299.037,+300.126,6.611E-1
Tue Feb  2 11:46:40 2016,1454431600.899755,+299.375,+299.398,+299.237,+299.037,+300.126,6.597E-1
Tue Feb  2 11:46:42 2016,1454431602.402592,+299.375,+299.397,+299.237,+299.037,+300.126,6.565E-1
Tue Feb  2 11:46:43 2016,1454431603.9053,+299.375,+299.397,+299.237,+299.037,+300.126,6.525E-1
Tue Feb  2 11:46:45 2016,1454431605.408025,+299.375,+299.397,+299.237,+299.037,+300.126,6.496E-1
Tue Feb  2 11:46:46 2016,1454431606.910712,+299.375,+299.397,+299.237,+299.037,+300.126,6.472E-1
Tue Feb  2 11:46:48 2016,1454431608.41279,+299.375,+299.398,+299.237,+299.037,+300.126,6.440E-1
Tue Feb  2 11:46:49 2016,1454431609.91543,+299.375,+299.397,+299.237,+299.037,+300.126,6.421E-1
Tue Feb  2 11:46:51 2016,1454431611.41802,+299.375,+299.397,+299.238,+299.037,+300.126,6.396E-1
Tue Feb  2 11:46:52 2016,1454431612.919903,+299.375,+299.397,+299.237,+299.037,+300.125,6.367E-1
Tue Feb  2 11:46:54 2016,1454431614.422544,+299.375,+299.397,+299.237,+299.037,+300.125,6.321E-1
Tue Feb  2 11:46:55 2016,1454431615.925273,+299.375,+299.397,+299.237,+299.037,+300.125,6.287E-1
Tue Feb  2 11:46:57 2016,1454431617.427958,+299.375,+299.397,+299.237,+299.037,+300.125,6.302E-1
Tue Feb  2 11:46:58 2016,1454431618.930608,+299.375,+299.397,+299.238,+299.037,+300.125,6.285E-1
Tue Feb  2 11:47:00 2016,1454431620.432568,+299.376,+299.397,+299.237,+299.037,+300.125,6.248E-1
Tue Feb  2 11:47:01 2016,1454431621.93525,+299.375,+299.397,+299.237,+299.037,+300.125,6.235E-1
Tue Feb  2 11:47:03 2016,1454431623.437949,+299.375,+299.397,+299.237,+299.037,+300.125,6.208E-1
Tue Feb  2 11:47:04 2016,1454431624.940607,+299.375,+299.398,+299.237,+299.037,+300.125,6.168E-1
Tue Feb  2 11:47:06 2016,1454431626.443295,+299.375,+299.397,+299.237,+299.037,+300.125,6.158E-1
Tue Feb  2 11:47:07 2016,1454431627.94599,+299.375,+299.397,+299.237,+299.037,+300.125,6.134E-1
Tue Feb  2 11:47:09 2016,1454431629.448754,+299.375,+299.397,+299.237,+299.037,+300.125,6.104E-1
Tue Feb  2 11:47:10 2016,1454431630.9515,+299.375,+299.397,+299.237,+299.037,+300.125,6.048E-1
Tue Feb  2 11:47:12 2016,1454431632.454137,+299.375,+299.397,+299.237,+299.037,+300.125,6.038E-1
Tue Feb  2 11:47:13 2016,1454431633.956856,+299.375,+299.397,+299.237,+299.037,+300.125,5.998E-1
Tue Feb  2 11:47:15 2016,1454431635.459528,+299.375,+299.398,+299.237,+299.037,+300.125,5.973E-1
Tue Feb  2 11:47:16 2016,1454431636.962259,+299.375,+299.397,+299.237,+299.037,+300.125,5.938E-1
Tue Feb  2 11:47:18 2016,1454431638.464898,+299.375,+299.398,+299.237,+299.037,+300.125,5.908E-1
Tue Feb  2 11:47:19 2016,1454431639.967621,+299.375,+299.397,+299.237,+299.037,+300.125,5.867E-1
Tue Feb  2 11:47:21 2016,1454431641.470206,+299.375,+299.397,+299.237,+299.037,+300.125,5.846E-1
Tue Feb  2 11:47:22 2016,1454431642.972729,+299.375,+299.397,+299.237,+299.037,+300.125,5.836E-1
Tue Feb  2 11:47:24 2016,1454431644.475385,+299.375,+299.398,+299.237,+299.037,+300.125,5.801E-1
Tue Feb  2 11:47:25 2016,1454431645.978067,+299.376,+299.398,+299.237,+299.037,+300.125,5.804E-1
Tue Feb  2 11:47:27 2016,1454431647.480699,+299.375,+299.398,+299.237,+299.037,+300.125,5.763E-1
Tue Feb  2 11:47:28 2016,1454431648.9834,+299.376,+299.396,+299.237,+299.037,+300.125,5.692E-1
Tue Feb  2 11:47:30 2016,1454431650.486014,+299.375,+299.397,+299.237,+299.037,+300.125,5.645E-1
Tue Feb  2 11:47:31 2016,1454431651.988479,+299.375,+299.397,+299.237,+299.037,+300.125,5.617E-1
Tue Feb  2 11:47:33 2016,1454431653.491104,+299.375,+299.397,+299.237,+299.037,+300.125,5.619E-1
Tue Feb  2 11:47:34 2016,1454431654.993174,+299.375,+299.397,+299.237,+299.037,+300.125,5.582E-1
Tue Feb  2 11:47:36 2016,1454431656.495789,+299.375,+299.397,+299.237,+299.037,+300.125,5.592E-1
Tue Feb  2 11:47:37 2016,1454431657.998454,+299.375,+299.397,+299.237,+299.036,+300.124,5.590E-1
Tue Feb  2 11:47:39 2016,1454431659.501111,+299.375,+299.397,+299.237,+299.037,+300.124,5.531E-1
Tue Feb  2 11:47:41 2016,1454431661.003721,+299.375,+299.397,+299.237,+299.037,+300.124,5.496E-1
Tue Feb  2 11:47:42 2016,1454431662.506343,+299.375,+299.397,+299.237,+299.037,+300.124,5.486E-1
Tue Feb  2 11:47:44 2016,1454431664.009032,+299.375,+299.397,+299.237,+299.037,+300.124,5.446E-1
Tue Feb  2 11:47:45 2016,1454431665.511615,+299.375,+299.397,+299.237,+299.037,+300.124,5.413E-1
Tue Feb  2 11:47:47 2016,1454431667.014265,+299.375,+299.397,+299.237,+299.037,+300.124,5.414E-1
Tue Feb  2 11:47:48 2016,1454431668.516911,+299.375,+299.397,+299.237,+299.037,+300.124,5.400E-1
Tue Feb  2 11:47:50 2016,1454431670.019595,+299.375,+299.397,+299.237,+299.037,+300.124,5.372E-1
Tue Feb  2 11:47:51 2016,1454431671.522272,+299.375,+299.397,+299.237,+299.037,+300.124,5.344E-1
Tue Feb  2 11:47:53 2016,1454431673.024899,+299.375,+299.398,+299.238,+299.037,+300.124,5.297E-1
Tue Feb  2 11:47:54 2016,1454431674.527551,+299.374,+299.398,+299.237,+299.037,+300.124,5.255E-1
Tue Feb  2 11:47:56 2016,1454431676.030186,+299.375,+299.397,+299.237,+299.037,+300.124,5.227E-1
Tue Feb  2 11:47:57 2016,1454431677.532811,+299.375,+299.397,+299.237,+299.037,+300.124,5.228E-1
Tue Feb  2 11:47:59 2016,1454431679.035401,+299.375,+299.397,+299.237,+299.037,+300.124,5.243E-1
Tue Feb  2 11:48:00 2016,1454431680.538035,+299.375,+299.397,+299.237,+299.037,+300.124,5.202E-1
Tue Feb  2 11:48:02 2016,1454431682.040724,+299.375,+299.397,+299.238,+299.037,+300.124,5.195E-1
Tue Feb  2 11:48:03 2016,1454431683.543399,+299.375,+299.397,+299.237,+299.037,+300.124,5.178E-1
Tue Feb  2 11:48:05 2016,1454431685.046064,+299.375,+299.397,+299.237,+299.037,+300.124,5.178E-1
Tue Feb  2 11:48:06 2016,1454431686.548735,+299.375,+299.397,+299.237,+299.037,+300.123,5.122E-1
Tue Feb  2 11:48:08 2016,1454431688.051392,+299.375,+299.397,+299.237,+299.038,+300.123,5.107E-1
Tue Feb  2 11:48:09 2016,1454431689.554054,+299.375,+299.397,+299.237,+299.037,+300.123,5.093E-1
Tue Feb  2 11:48:11 2016,1454431691.056776,+299.375,+299.397,+299.237,+299.037,+300.123,5.088E-1
Tue Feb  2 11:48:12 2016,1454431692.559424,+299.375,+299.397,+299.237,+299.037,+300.123,5.078E-1
Tue Feb  2 11:48:14 2016,1454431694.062066,+299.375,+299.397,+299.237,+299.037,+300.123,5.048E-1
Tue Feb  2 11:48:15 2016,1454431695.564743,+299.375,+299.398,+299.237,+299.037,+300.123,4.973E-1
Tue Feb  2 11:48:17 2016,1454431697.066496,+299.375,+299.397,+299.237,+299.037,+300.123,4.949E-1
Tue Feb  2 11:48:18 2016,1454431698.569172,+299.375,+299.397,+299.237,+299.037,+300.123,4.908E-1
Tue Feb  2 11:48:20 2016,1454431700.071813,+299.375,+299.397,+299.237,+299.037,+300.123,4.936E-1
Tue Feb  2 11:48:21 2016,1454431701.574497,+299.375,+299.397,+299.238,+299.037,+300.123,4.952E-1
Tue Feb  2 11:48:23 2016,1454431703.077166,+299.375,+299.397,+299.237,+299.037,+300.123,4.960E-1
Tue Feb  2 11:48:24 2016,1454431704.579836,+299.375,+299.397,+299.237,+299.037,+300.123,4.951E-1
Tue Feb  2 11:48:26 2016,1454431706.082415,+299.375,+299.398,+299.237,+299.037,+300.123,4.919E-1
Tue Feb  2 11:48:27 2016,1454431707.585098,+299.376,+299.397,+299.237,+299.038,+300.123,4.928E-1
Tue Feb  2 11:48:29 2016,1454431709.087771,+299.375,+299.397,+299.238,+299.037,+300.123,4.912E-1
Tue Feb  2 11:48:30 2016,1454431710.590467,+299.375,+299.397,+299.237,+299.037,+300.123,4.909E-1
Tue Feb  2 11:48:32 2016,1454431712.09317,+299.375,+299.397,+299.237,+299.037,+300.123,4.885E-1
Tue Feb  2 11:48:33 2016,1454431713.595791,+299.375,+299.398,+299.237,+299.037,+300.123,4.884E-1
Tue Feb  2 11:48:35 2016,1454431715.098317,+299.375,+299.397,+299.237,+299.037,+300.123,4.850E-1
Tue Feb  2 11:48:36 2016,1454431716.60102,+299.376,+299.397,+299.236,+299.037,+300.123,4.845E-1
Tue Feb  2 11:48:38 2016,1454431718.103734,+299.375,+299.397,+299.237,+299.037,+300.123,4.818E-1
Tue Feb  2 11:48:39 2016,1454431719.606391,+299.375,+299.397,+299.237,+299.037,+300.123,4.807E-1
Tue Feb  2 11:48:41 2016,1454431721.109046,+299.375,+299.397,+299.237,+299.037,+300.123,4.776E-1
Tue Feb  2 11:48:42 2016,1454431722.611754,+299.375,+299.397,+299.237,+299.037,+300.123,4.774E-1
Tue Feb  2 11:48:44 2016,1454431724.114421,+299.375,+299.397,+299.237,+299.037,+300.123,4.778E-1
Tue Feb  2 11:48:45 2016,1454431725.617137,+299.375,+299.397,+299.237,+299.037,+300.123,4.756E-1
Tue Feb  2 11:48:47 2016,1454431727.119854,+299.375,+299.397,+299.237,+299.037,+300.123,4.741E-1
Tue Feb  2 11:48:48 2016,1454431728.622541,+299.375,+299.397,+299.237,+299.037,+300.123,4.711E-1
Tue Feb  2 11:48:50 2016,1454431730.125247,+299.375,+299.397,+299.237,+299.037,+300.123,4.691E-1
Tue Feb  2 11:48:51 2016,1454431731.627938,+299.375,+299.397,+299.237,+299.037,+300.123,4.655E-1
Tue Feb  2 11:48:53 2016,1454431733.130551,+299.375,+299.397,+299.237,+299.037,+300.123,4.645E-1
Tue Feb  2 11:48:54 2016,1454431734.632309,+299.375,+299.398,+299.237,+299.037,+300.123,4.589E-1
Tue Feb  2 11:48:56 2016,1454431736.134934,+299.375,+299.398,+299.237,+299.037,+300.123,4.549E-1
Tue Feb  2 11:48:57 2016,1454431737.637632,+299.375,+299.397,+299.237,+299.037,+300.122,4.487E-1
Tue Feb  2 11:48:59 2016,1454431739.140403,+299.375,+299.397,+299.237,+299.037,+300.122,4.458E-1
Tue Feb  2 11:49:00 2016,1454431740.643042,+299.375,+299.397,+299.237,+299.037,+300.122,4.438E-1
Tue Feb  2 11:49:02 2016,1454431742.145834,+299.375,+299.397,+299.237,+299.037,+300.122,4.423E-1
Tue Feb  2 11:49:03 2016,1454431743.647987,+299.375,+299.397,+299.237,+299.037,+300.122,4.390E-1
Tue Feb  2 11:49:05 2016,1454431745.150655,+299.375,+299.397,+299.237,+299.037,+300.122,4.334E-1
Tue Feb  2 11:49:06 2016,1454431746.653199,+299.374,+299.398,+299.237,+299.037,+300.122,4.288E-1
Tue Feb  2 11:49:08 2016,1454431748.155898,+299.375,+299.397,+299.238,+299.037,+300.122,4.267E-1
Tue Feb  2 11:49:09 2016,1454431749.657985,+299.375,+299.398,+299.237,+299.037,+300.122,4.258E-1
Tue Feb  2 11:49:11 2016,1454431751.160172,+299.375,+299.397,+299.237,+299.037,+300.122,4.243E-1
Tue Feb  2 11:49:12 2016,1454431752.662766,+299.375,+299.397,+299.237,+299.037,+300.122,4.209E-1
Tue Feb  2 11:49:14 2016,1454431754.165527,+299.375,+299.397,+299.237,+299.037,+300.122,4.213E-1
Tue Feb  2 11:49:15 2016,1454431755.668172,+299.374,+299.397,+299.237,+299.037,+300.122,4.174E-1
Tue Feb  2 11:49:17 2016,1454431757.170898,+299.375,+299.397,+299.237,+299.037,+300.122,4.163E-1
Tue Feb  2 11:49:18 2016,1454431758.673689,+299.375,+299.398,+299.237,+299.037,+300.122,4.163E-1
Tue Feb  2 11:49:20 2016,1454431760.176386,+299.375,+299.398,+299.238,+299.037,+300.122,4.158E-1
Tue Feb  2 11:49:21 2016,1454431761.67899,+299.374,+299.397,+299.237,+299.037,+300.122,4.165E-1
Tue Feb  2 11:49:23 2016,1454431763.181585,+299.375,+299.397,+299.237,+299.037,+300.122,4.147E-1
Tue Feb  2 11:49:24 2016,1454431764.683392,+299.375,+299.398,+299.237,+299.037,+300.122,4.146E-1
Tue Feb  2 11:49:26 2016,1454431766.185596,+299.375,+299.397,+299.237,+299.037,+300.122,4.116E-1
Tue Feb  2 11:49:27 2016,1454431767.68796,+299.375,+299.397,+299.237,+299.037,+300.122,4.089E-1
Tue Feb  2 11:49:29 2016,1454431769.190651,+299.375,+299.397,+299.238,+299.037,+300.122,4.040E-1
Tue Feb  2 11:49:30 2016,1454431770.693392,+299.375,+299.397,+299.238,+299.037,+300.122,4.023E-1
Tue Feb  2 11:49:32 2016,1454431772.196033,+299.375,+299.397,+299.237,+299.037,+300.122,4.005E-1
Tue Feb  2 11:49:33 2016,1454431773.698189,+299.375,+299.397,+299.237,+299.037,+300.122,3.969E-1
Tue Feb  2 11:49:35 2016,1454431775.200897,+299.375,+299.397,+299.237,+299.037,+300.122,3.970E-1
