#Time Stamp,seconds since epoch,Input A,Input B,Pressure
Fri Jun  5 09:35:45 2015,1433511345.688073,+295.835,+296.990,2.655E-4
Fri Jun  5 09:35:46 2015,1433511346.893624,+295.841,+296.990,2.656E-4
Fri Jun  5 09:35:48 2015,1433511348.114546,+295.835,+296.990,2.655E-4
Fri Jun  5 09:35:49 2015,1433511349.337202,+295.838,+296.989,2.654E-4
Fri Jun  5 09:35:50 2015,1433511350.554795,+295.837,+296.989,2.654E-4
Fri Jun  5 09:35:51 2015,1433511351.775632,+295.835,+296.991,2.654E-4
Fri Jun  5 09:35:52 2015,1433511352.992963,+295.842,+296.990,2.655E-4
Fri Jun  5 09:35:54 2015,1433511354.207134,+295.840,+296.989,2.655E-4
Fri Jun  5 09:35:55 2015,1433511355.422239,+295.841,+296.990,2.658E-4
Fri Jun  5 09:35:56 2015,1433511356.640174,+295.835,+296.989,2.660E-4
Fri Jun  5 09:35:57 2015,1433511357.844032,+295.838,+296.989,2.659E-4
Fri Jun  5 09:35:59 2015,1433511359.051363,+295.837,+296.989,2.660E-4
Fri Jun  5 09:36:00 2015,1433511360.272332,+295.834,+296.989,2.662E-4
Fri Jun  5 09:36:01 2015,1433511361.480069,+295.832,+296.990,2.660E-4
Fri Jun  5 09:36:02 2015,1433511362.698016,+295.837,+296.988,2.661E-4
Fri Jun  5 09:36:03 2015,1433511363.911652,+295.832,+296.989,2.663E-4
Fri Jun  5 09:36:05 2015,1433511365.121943,+295.835,+296.987,2.660E-4
Fri Jun  5 09:36:06 2015,1433511366.337801,+295.838,+296.989,2.659E-4
Fri Jun  5 09:36:07 2015,1433511367.556161,+295.835,+296.988,2.661E-4
Fri Jun  5 09:36:08 2015,1433511368.775898,+295.835,+296.990,2.658E-4
Fri Jun  5 09:36:09 2015,1433511369.998625,+295.837,+296.989,2.657E-4
Fri Jun  5 09:36:11 2015,1433511371.31016,+295.834,+296.988,2.656E-4
Fri Jun  5 09:36:12 2015,1433511372.529492,+295.835,+296.987,2.658E-4
Fri Jun  5 09:36:13 2015,1433511373.740363,+295.834,+296.989,2.659E-4
Fri Jun  5 09:36:14 2015,1433511374.95017,+295.832,+296.988,2.661E-4
Fri Jun  5 09:36:16 2015,1433511376.162402,+295.832,+296.988,2.659E-4
Fri Jun  5 09:36:17 2015,1433511377.384967,+295.835,+296.987,2.656E-4
Fri Jun  5 09:36:18 2015,1433511378.596157,+295.834,+296.987,2.655E-4
Fri Jun  5 09:36:19 2015,1433511379.814986,+295.832,+296.987,2.656E-4
Fri Jun  5 09:36:21 2015,1433511381.034475,+295.838,+296.988,2.656E-4
Fri Jun  5 09:36:22 2015,1433511382.250335,+295.835,+296.986,2.656E-4
Fri Jun  5 09:36:23 2015,1433511383.46486,+295.835,+296.987,2.657E-4
Fri Jun  5 09:36:24 2015,1433511384.677819,+295.827,+296.986,2.656E-4
Fri Jun  5 09:36:25 2015,1433511385.89772,+295.832,+296.987,2.655E-4
Fri Jun  5 09:36:27 2015,1433511387.117364,+295.835,+296.987,2.653E-4
Fri Jun  5 09:36:28 2015,1433511388.341021,+295.831,+296.986,2.652E-4
Fri Jun  5 09:36:29 2015,1433511389.567073,+295.834,+296.986,2.652E-4
Fri Jun  5 09:36:30 2015,1433511390.784386,+295.831,+296.985,2.651E-4
Fri Jun  5 09:36:32 2015,1433511392.001041,+295.837,+296.985,2.651E-4
Fri Jun  5 09:36:33 2015,1433511393.213992,+295.828,+296.987,2.649E-4
Fri Jun  5 09:36:34 2015,1433511394.437548,+295.832,+296.987,2.650E-4
Fri Jun  5 09:36:35 2015,1433511395.659445,+295.832,+296.987,2.648E-4
Fri Jun  5 09:36:36 2015,1433511396.881991,+295.834,+296.987,2.648E-4
Fri Jun  5 09:36:38 2015,1433511398.097901,+295.832,+296.988,2.648E-4
Fri Jun  5 09:36:39 2015,1433511399.321292,+295.834,+296.986,2.648E-4
Fri Jun  5 09:36:40 2015,1433511400.545427,+295.834,+296.987,2.649E-4
Fri Jun  5 09:36:41 2015,1433511401.771165,+295.832,+296.987,2.647E-4
Fri Jun  5 09:36:42 2015,1433511402.996042,+295.831,+296.985,2.648E-4
Fri Jun  5 09:36:44 2015,1433511404.217239,+295.831,+296.987,2.648E-4
Fri Jun  5 09:36:45 2015,1433511405.439159,+295.832,+296.986,2.648E-4
Fri Jun  5 09:36:46 2015,1433511406.657189,+295.831,+296.986,2.647E-4
Fri Jun  5 09:36:47 2015,1433511407.866914,+295.830,+296.986,2.646E-4
Fri Jun  5 09:36:49 2015,1433511409.078089,+295.832,+296.987,2.646E-4
Fri Jun  5 09:36:50 2015,1433511410.322832,+295.830,+296.985,2.645E-4
Fri Jun  5 09:36:51 2015,1433511411.533069,+295.831,+296.985,2.644E-4
Fri Jun  5 09:36:52 2015,1433511412.747833,+295.830,+296.985,2.644E-4
Fri Jun  5 09:36:53 2015,1433511413.961643,+295.831,+296.986,2.645E-4
Fri Jun  5 09:36:55 2015,1433511415.180954,+295.832,+296.988,2.644E-4
Fri Jun  5 09:36:56 2015,1433511416.398662,+295.830,+296.986,2.645E-4
Fri Jun  5 09:36:57 2015,1433511417.612555,+295.831,+296.986,2.647E-4
Fri Jun  5 09:36:58 2015,1433511418.830435,+295.830,+296.985,2.646E-4
Fri Jun  5 09:37:00 2015,1433511420.045045,+295.831,+296.985,2.644E-4
Fri Jun  5 09:37:01 2015,1433511421.25661,+295.835,+296.985,2.645E-4
Fri Jun  5 09:37:02 2015,1433511422.464018,+295.835,+296.985,2.648E-4
Fri Jun  5 09:37:03 2015,1433511423.680082,+295.834,+296.986,2.651E-4
Fri Jun  5 09:37:04 2015,1433511424.888171,+295.832,+296.985,2.651E-4
Fri Jun  5 09:37:06 2015,1433511426.105572,+295.825,+296.985,2.651E-4
Fri Jun  5 09:37:07 2015,1433511427.32139,+295.831,+296.986,2.649E-4
Fri Jun  5 09:37:08 2015,1433511428.538533,+295.828,+296.985,2.648E-4
Fri Jun  5 09:37:09 2015,1433511429.752001,+295.832,+296.985,2.647E-4
Fri Jun  5 09:37:10 2015,1433511430.972092,+295.832,+296.985,2.647E-4
Fri Jun  5 09:37:12 2015,1433511432.190906,+295.831,+296.986,2.646E-4
Fri Jun  5 09:37:13 2015,1433511433.412369,+295.835,+296.985,2.645E-4
Fri Jun  5 09:37:14 2015,1433511434.627087,+295.828,+296.984,2.645E-4
Fri Jun  5 09:37:15 2015,1433511435.845429,+295.832,+296.984,2.645E-4
Fri Jun  5 09:37:17 2015,1433511437.055522,+295.831,+296.985,2.645E-4
Fri Jun  5 09:37:18 2015,1433511438.266493,+295.831,+296.985,2.645E-4
Fri Jun  5 09:37:19 2015,1433511439.488838,+295.832,+296.985,2.645E-4
Fri Jun  5 09:37:20 2015,1433511440.700336,+295.830,+296.985,2.643E-4
Fri Jun  5 09:37:21 2015,1433511441.913116,+295.831,+296.984,2.642E-4
Fri Jun  5 09:37:23 2015,1433511443.124638,+295.831,+296.985,2.642E-4
Fri Jun  5 09:37:24 2015,1433511444.340016,+295.828,+296.984,2.641E-4
Fri Jun  5 09:37:25 2015,1433511445.55847,+295.831,+296.984,2.641E-4
Fri Jun  5 09:37:26 2015,1433511446.77819,+295.832,+296.985,2.640E-4
Fri Jun  5 09:37:27 2015,1433511447.987441,+295.832,+296.985,2.641E-4
Fri Jun  5 09:37:29 2015,1433511449.203375,+295.831,+296.986,2.638E-4
Fri Jun  5 09:37:30 2015,1433511450.422464,+295.831,+296.985,2.638E-4
Fri Jun  5 09:37:31 2015,1433511451.630769,+295.830,+296.985,2.638E-4
Fri Jun  5 09:37:32 2015,1433511452.849028,+295.832,+296.984,2.638E-4
Fri Jun  5 09:37:34 2015,1433511454.061641,+295.827,+296.985,2.638E-4
Fri Jun  5 09:37:35 2015,1433511455.274785,+295.831,+296.984,2.635E-4
Fri Jun  5 09:37:36 2015,1433511456.492544,+295.835,+296.985,2.634E-4
Fri Jun  5 09:37:37 2015,1433511457.708516,+295.830,+296.983,2.633E-4
Fri Jun  5 09:37:38 2015,1433511458.927086,+295.828,+296.983,2.632E-4
Fri Jun  5 09:37:40 2015,1433511460.144248,+295.827,+296.983,2.631E-4
Fri Jun  5 09:37:41 2015,1433511461.358353,+295.831,+296.982,2.630E-4
Fri Jun  5 09:37:42 2015,1433511462.580432,+295.831,+296.983,2.630E-4
Fri Jun  5 09:37:43 2015,1433511463.795226,+295.830,+296.983,2.629E-4
Fri Jun  5 09:37:45 2015,1433511465.001201,+295.828,+296.983,2.629E-4
Fri Jun  5 09:37:46 2015,1433511466.222711,+295.828,+296.984,2.628E-4
Fri Jun  5 09:37:47 2015,1433511467.445555,+295.828,+296.983,2.628E-4
Fri Jun  5 09:37:48 2015,1433511468.65717,+295.835,+296.983,2.628E-4
Fri Jun  5 09:37:49 2015,1433511469.881173,+295.832,+296.983,2.628E-4
Fri Jun  5 09:37:51 2015,1433511471.095479,+295.832,+296.983,2.629E-4
Fri Jun  5 09:37:52 2015,1433511472.308039,+295.828,+296.983,2.628E-4
Fri Jun  5 09:37:53 2015,1433511473.521497,+295.831,+296.983,2.628E-4
Fri Jun  5 09:37:54 2015,1433511474.735896,+295.830,+296.983,2.627E-4
Fri Jun  5 09:37:55 2015,1433511475.951535,+295.830,+296.983,2.626E-4
Fri Jun  5 09:37:57 2015,1433511477.162839,+295.828,+296.982,2.627E-4
Fri Jun  5 09:37:58 2015,1433511478.382183,+295.831,+296.982,2.631E-4
Fri Jun  5 09:37:59 2015,1433511479.604475,+295.830,+296.982,2.640E-4
Fri Jun  5 09:38:00 2015,1433511480.825977,+295.827,+296.981,2.654E-4
Fri Jun  5 09:38:02 2015,1433511482.03639,+295.830,+296.983,2.673E-4
Fri Jun  5 09:38:03 2015,1433511483.257407,+295.830,+296.981,2.702E-4
Fri Jun  5 09:38:04 2015,1433511484.478375,+295.830,+296.982,2.736E-4
Fri Jun  5 09:38:05 2015,1433511485.69476,+295.825,+296.981,2.781E-4
Fri Jun  5 09:38:06 2015,1433511486.914914,+295.827,+296.981,2.841E-4
Fri Jun  5 09:38:08 2015,1433511488.130989,+295.827,+296.981,2.922E-4
Fri Jun  5 09:38:09 2015,1433511489.346815,+295.831,+296.981,3.028E-4
Fri Jun  5 09:38:10 2015,1433511490.5591,+295.827,+296.982,3.181E-4
Fri Jun  5 09:38:11 2015,1433511491.770291,+295.828,+296.982,3.439E-4
Fri Jun  5 09:38:12 2015,1433511492.993825,+295.823,+296.981,4.248E-4
Fri Jun  5 09:38:14 2015,1433511494.213914,+295.825,+296.981,2.440E-4
Fri Jun  5 09:38:15 2015,1433511495.428658,+295.827,+296.982,2.462E-4
Fri Jun  5 09:38:16 2015,1433511496.643257,+295.825,+296.981,2.476E-4
Fri Jun  5 09:38:17 2015,1433511497.857463,+295.827,+296.982,2.595E-4
Fri Jun  5 09:38:19 2015,1433511499.070498,+295.831,+296.980,2.843E-4
Fri Jun  5 09:38:20 2015,1433511500.286959,+295.831,+296.981,3.075E-4
Fri Jun  5 09:38:21 2015,1433511501.500326,+295.828,+296.982,3.333E-4
Fri Jun  5 09:38:22 2015,1433511502.716885,+295.828,+296.981,3.610E-4
Fri Jun  5 09:38:23 2015,1433511503.925984,+295.827,+296.981,3.901E-4
Fri Jun  5 09:38:25 2015,1433511505.136398,+295.827,+296.980,4.200E-4
Fri Jun  5 09:38:26 2015,1433511506.350216,+295.827,+296.980,4.500E-4
Fri Jun  5 09:38:27 2015,1433511507.561243,+295.827,+296.981,4.800E-4
Fri Jun  5 09:38:28 2015,1433511508.776112,+295.827,+296.981,5.100E-4
Fri Jun  5 09:38:29 2015,1433511509.995855,+295.827,+296.981,5.400E-4
Fri Jun  5 09:38:31 2015,1433511511.210227,+295.827,+296.981,5.800E-4
Fri Jun  5 09:38:32 2015,1433511512.424243,+295.825,+296.980,6.000E-4
Fri Jun  5 09:38:33 2015,1433511513.633959,+295.825,+296.979,6.300E-4
Fri Jun  5 09:38:34 2015,1433511514.853109,+295.830,+296.981,6.600E-4
Fri Jun  5 09:38:36 2015,1433511516.067808,+295.825,+296.981,6.800E-4
Fri Jun  5 09:38:37 2015,1433511517.283504,+295.831,+296.980,7.200E-4
Fri Jun  5 09:38:38 2015,1433511518.499781,+295.828,+296.980,7.500E-4
Fri Jun  5 09:38:39 2015,1433511519.713673,+295.827,+296.979,7.800E-4
Fri Jun  5 09:38:40 2015,1433511520.929509,+295.828,+296.980,8.500E-4
Fri Jun  5 09:38:42 2015,1433511522.140365,+295.827,+296.981,8.800E-4
Fri Jun  5 09:38:43 2015,1433511523.359125,+295.830,+296.980,9.200E-4
Fri Jun  5 09:38:44 2015,1433511524.579551,+295.828,+296.980,9.400E-4
Fri Jun  5 09:38:45 2015,1433511525.798092,+295.827,+296.981,9.700E-4
Fri Jun  5 09:38:47 2015,1433511527.012414,+295.831,+296.979,1.000E-3
Fri Jun  5 09:38:48 2015,1433511528.227785,+295.830,+296.980,1.030E-3
Fri Jun  5 09:38:49 2015,1433511529.43764,+295.825,+296.978,1.060E-3
Fri Jun  5 09:38:50 2015,1433511530.64947,+295.825,+296.978,1.090E-3
Fri Jun  5 09:38:51 2015,1433511531.866795,+295.825,+296.979,1.120E-3
Fri Jun  5 09:38:53 2015,1433511533.079125,+295.827,+296.978,1.150E-3
Fri Jun  5 09:38:54 2015,1433511534.2936,+295.824,+296.979,1.180E-3
Fri Jun  5 09:38:55 2015,1433511535.504068,+295.828,+296.978,1.210E-3
Fri Jun  5 09:38:56 2015,1433511536.722538,+295.830,+296.979,1.240E-3
Fri Jun  5 09:38:57 2015,1433511537.941063,+295.820,+296.979,1.260E-3
Fri Jun  5 09:38:59 2015,1433511539.159443,+295.825,+296.979,1.290E-3
Fri Jun  5 09:39:00 2015,1433511540.377006,+295.828,+296.977,1.330E-3
Fri Jun  5 09:39:01 2015,1433511541.590838,+295.824,+296.979,1.350E-3
Fri Jun  5 09:39:02 2015,1433511542.797858,+295.823,+296.979,1.390E-3
Fri Jun  5 09:39:04 2015,1433511544.008795,+295.827,+296.978,1.410E-3
Fri Jun  5 09:39:05 2015,1433511545.221583,+295.823,+296.978,1.440E-3
Fri Jun  5 09:39:06 2015,1433511546.433675,+295.823,+296.979,1.460E-3
Fri Jun  5 09:39:07 2015,1433511547.647006,+295.824,+296.979,1.500E-3
Fri Jun  5 09:39:08 2015,1433511548.858654,+295.823,+296.978,1.530E-3
Fri Jun  5 09:39:10 2015,1433511550.069891,+295.825,+296.978,1.560E-3
Fri Jun  5 09:39:11 2015,1433511551.286263,+295.827,+296.979,1.590E-3
Fri Jun  5 09:39:12 2015,1433511552.498152,+295.825,+296.979,1.620E-3
Fri Jun  5 09:39:13 2015,1433511553.705742,+295.828,+296.978,1.650E-3
Fri Jun  5 09:39:14 2015,1433511554.921254,+295.828,+296.977,1.680E-3
Fri Jun  5 09:39:16 2015,1433511556.128602,+295.821,+296.977,1.710E-3
Fri Jun  5 09:39:17 2015,1433511557.341709,+295.827,+296.978,1.730E-3
Fri Jun  5 09:39:18 2015,1433511558.561366,+295.824,+296.978,1.760E-3
Fri Jun  5 09:39:19 2015,1433511559.774127,+295.824,+296.977,1.800E-3
Fri Jun  5 09:39:20 2015,1433511560.983397,+295.825,+296.977,1.820E-3
Fri Jun  5 09:39:22 2015,1433511562.195217,+295.824,+296.979,1.850E-3
Fri Jun  5 09:39:23 2015,1433511563.416201,+295.816,+296.977,1.880E-3
Fri Jun  5 09:39:24 2015,1433511564.627195,+295.821,+296.977,1.910E-3
Fri Jun  5 09:39:25 2015,1433511565.84411,+295.818,+296.978,1.930E-3
Fri Jun  5 09:39:27 2015,1433511567.056121,+295.821,+296.977,1.970E-3
Fri Jun  5 09:39:28 2015,1433511568.267633,+295.824,+296.977,1.990E-3
Fri Jun  5 09:39:29 2015,1433511569.485048,+295.823,+296.976,2.030E-3
Fri Jun  5 09:39:30 2015,1433511570.701969,+295.820,+296.976,2.050E-3
Fri Jun  5 09:39:31 2015,1433511571.922914,+295.825,+296.976,2.080E-3
Fri Jun  5 09:39:33 2015,1433511573.138136,+295.821,+296.976,2.110E-3
Fri Jun  5 09:39:34 2015,1433511574.364043,+295.820,+296.977,2.140E-3
Fri Jun  5 09:39:35 2015,1433511575.576186,+295.823,+296.976,2.160E-3
Fri Jun  5 09:39:36 2015,1433511576.789528,+295.825,+296.976,2.200E-3
Fri Jun  5 09:39:38 2015,1433511578.002883,+295.827,+296.975,2.230E-3
Fri Jun  5 09:39:39 2015,1433511579.217025,+295.824,+296.977,2.250E-3
Fri Jun  5 09:39:40 2015,1433511580.427223,+295.824,+296.977,2.280E-3
Fri Jun  5 09:39:41 2015,1433511581.636515,+295.818,+296.975,2.310E-3
Fri Jun  5 09:39:42 2015,1433511582.856057,+295.821,+296.977,2.340E-3
Fri Jun  5 09:39:44 2015,1433511584.083326,+295.821,+296.977,2.370E-3
Fri Jun  5 09:39:45 2015,1433511585.303058,+295.824,+296.976,2.400E-3
Fri Jun  5 09:39:46 2015,1433511586.52196,+295.820,+296.976,2.430E-3
Fri Jun  5 09:39:47 2015,1433511587.742457,+295.824,+296.975,2.450E-3
Fri Jun  5 09:39:48 2015,1433511588.955423,+295.818,+296.976,2.490E-3
Fri Jun  5 09:39:50 2015,1433511590.168751,+295.823,+296.975,2.510E-3
Fri Jun  5 09:39:51 2015,1433511591.385284,+295.821,+296.976,2.550E-3
Fri Jun  5 09:39:52 2015,1433511592.604537,+295.821,+296.976,2.570E-3
Fri Jun  5 09:39:53 2015,1433511593.825412,+295.821,+296.976,2.600E-3
Fri Jun  5 09:39:55 2015,1433511595.048629,+295.818,+296.975,2.620E-3
Fri Jun  5 09:39:56 2015,1433511596.267515,+295.824,+296.975,2.650E-3
Fri Jun  5 09:39:57 2015,1433511597.480944,+295.820,+296.975,2.690E-3
Fri Jun  5 09:39:58 2015,1433511598.699964,+295.823,+296.974,2.710E-3
Fri Jun  5 09:39:59 2015,1433511599.920415,+295.823,+296.975,2.750E-3
Fri Jun  5 09:40:01 2015,1433511601.132704,+295.824,+296.973,2.770E-3
Fri Jun  5 09:40:02 2015,1433511602.348124,+295.820,+296.975,2.800E-3
Fri Jun  5 09:40:03 2015,1433511603.561614,+295.821,+296.976,2.830E-3
Fri Jun  5 09:40:04 2015,1433511604.783586,+295.823,+296.974,2.850E-3
Fri Jun  5 09:40:05 2015,1433511605.99765,+295.823,+296.975,2.880E-3
Fri Jun  5 09:40:07 2015,1433511607.209921,+295.823,+296.975,2.910E-3
Fri Jun  5 09:40:08 2015,1433511608.42143,+295.825,+296.974,2.940E-3
Fri Jun  5 09:40:09 2015,1433511609.630377,+295.820,+296.975,2.960E-3
Fri Jun  5 09:40:10 2015,1433511610.840396,+295.818,+296.974,3.000E-3
Fri Jun  5 09:40:12 2015,1433511612.058432,+295.823,+296.975,3.010E-3
Fri Jun  5 09:40:13 2015,1433511613.27802,+295.823,+296.974,3.060E-3
Fri Jun  5 09:40:14 2015,1433511614.487358,+295.818,+296.974,3.070E-3
Fri Jun  5 09:40:15 2015,1433511615.696421,+295.823,+296.973,3.100E-3
Fri Jun  5 09:40:16 2015,1433511616.908284,+295.817,+296.975,3.140E-3
Fri Jun  5 09:40:18 2015,1433511618.12296,+295.820,+296.973,3.160E-3
Fri Jun  5 09:40:19 2015,1433511619.337237,+295.817,+296.973,3.190E-3
Fri Jun  5 09:40:20 2015,1433511620.552026,+295.823,+296.973,3.230E-3
Fri Jun  5 09:40:21 2015,1433511621.774327,+295.821,+296.972,3.250E-3
Fri Jun  5 09:40:22 2015,1433511622.991863,+295.820,+296.974,3.280E-3
Fri Jun  5 09:40:24 2015,1433511624.212658,+295.817,+296.973,3.310E-3
Fri Jun  5 09:40:25 2015,1433511625.429662,+295.817,+296.974,3.330E-3
Fri Jun  5 09:40:26 2015,1433511626.651428,+295.821,+296.973,3.360E-3
Fri Jun  5 09:40:27 2015,1433511627.869072,+295.816,+296.972,3.390E-3
Fri Jun  5 09:40:29 2015,1433511629.083169,+295.818,+296.973,3.420E-3
Fri Jun  5 09:40:30 2015,1433511630.29449,+295.816,+296.971,3.450E-3
Fri Jun  5 09:40:31 2015,1433511631.502224,+295.817,+296.972,3.480E-3
Fri Jun  5 09:40:32 2015,1433511632.717418,+295.820,+296.972,3.500E-3
Fri Jun  5 09:40:33 2015,1433511633.943347,+295.818,+296.973,3.540E-3
Fri Jun  5 09:40:35 2015,1433511635.153034,+295.821,+296.972,3.560E-3
Fri Jun  5 09:40:36 2015,1433511636.370516,+295.818,+296.972,3.590E-3
Fri Jun  5 09:40:37 2015,1433511637.580783,+295.817,+296.972,3.620E-3
Fri Jun  5 09:40:38 2015,1433511638.799585,+295.818,+296.973,3.640E-3
Fri Jun  5 09:40:40 2015,1433511640.011757,+295.818,+296.971,3.680E-3
Fri Jun  5 09:40:41 2015,1433511641.232852,+295.820,+296.971,3.700E-3
Fri Jun  5 09:40:42 2015,1433511642.440064,+295.817,+296.971,3.730E-3
Fri Jun  5 09:40:43 2015,1433511643.655249,+295.814,+296.973,3.760E-3
Fri Jun  5 09:40:44 2015,1433511644.871549,+295.816,+296.972,3.780E-3
Fri Jun  5 09:40:46 2015,1433511646.108277,+295.817,+296.972,3.820E-3
Fri Jun  5 09:40:47 2015,1433511647.382555,+295.821,+296.971,3.850E-3
Fri Jun  5 09:40:48 2015,1433511648.594997,+295.814,+296.972,3.880E-3
Fri Jun  5 09:40:49 2015,1433511649.82572,+295.820,+296.972,3.900E-3
Fri Jun  5 09:40:51 2015,1433511651.040624,+295.818,+296.971,3.930E-3
Fri Jun  5 09:40:52 2015,1433511652.259704,+295.816,+296.972,3.960E-3
Fri Jun  5 09:40:53 2015,1433511653.477846,+295.817,+296.972,3.990E-3
Fri Jun  5 09:40:54 2015,1433511654.691752,+295.817,+296.971,4.020E-3
Fri Jun  5 09:40:55 2015,1433511655.908882,+295.818,+296.972,4.040E-3
Fri Jun  5 09:40:57 2015,1433511657.125611,+295.816,+296.971,4.070E-3
Fri Jun  5 09:40:58 2015,1433511658.336977,+295.817,+296.971,4.090E-3
Fri Jun  5 09:40:59 2015,1433511659.549309,+295.817,+296.970,4.130E-3
Fri Jun  5 09:41:00 2015,1433511660.758194,+295.820,+296.972,4.150E-3
Fri Jun  5 09:41:01 2015,1433511661.971684,+295.820,+296.971,4.180E-3
Fri Jun  5 09:41:03 2015,1433511663.181339,+295.820,+296.971,4.210E-3
Fri Jun  5 09:41:04 2015,1433511664.395852,+295.813,+296.971,4.230E-3
Fri Jun  5 09:41:05 2015,1433511665.607916,+295.817,+296.972,4.270E-3
Fri Jun  5 09:41:06 2015,1433511666.819764,+295.817,+296.970,4.290E-3
Fri Jun  5 09:41:08 2015,1433511668.025427,+295.814,+296.971,4.320E-3
Fri Jun  5 09:41:09 2015,1433511669.234116,+295.820,+296.971,4.340E-3
Fri Jun  5 09:41:10 2015,1433511670.444432,+295.813,+296.968,4.380E-3
Fri Jun  5 09:41:11 2015,1433511671.654345,+295.818,+296.970,4.390E-3
Fri Jun  5 09:41:12 2015,1433511672.86109,+295.816,+296.970,4.430E-3
Fri Jun  5 09:41:14 2015,1433511674.076561,+295.813,+296.969,4.460E-3
Fri Jun  5 09:41:15 2015,1433511675.291919,+295.818,+296.969,4.480E-3
Fri Jun  5 09:41:16 2015,1433511676.509658,+295.816,+296.969,4.520E-3
Fri Jun  5 09:41:17 2015,1433511677.717351,+295.814,+296.969,4.540E-3
Fri Jun  5 09:41:18 2015,1433511678.928566,+295.816,+296.969,4.570E-3
Fri Jun  5 09:41:20 2015,1433511680.142921,+295.814,+296.968,4.590E-3
Fri Jun  5 09:41:21 2015,1433511681.355016,+295.814,+296.970,4.620E-3
Fri Jun  5 09:41:22 2015,1433511682.573721,+295.816,+296.969,4.650E-3
Fri Jun  5 09:41:23 2015,1433511683.789517,+295.816,+296.969,4.680E-3
Fri Jun  5 09:41:25 2015,1433511685.005982,+295.813,+296.969,4.710E-3
Fri Jun  5 09:41:26 2015,1433511686.220929,+295.818,+296.968,4.730E-3
Fri Jun  5 09:41:27 2015,1433511687.436496,+295.816,+296.968,4.770E-3
Fri Jun  5 09:41:28 2015,1433511688.649373,+295.817,+296.968,4.790E-3
Fri Jun  5 09:41:29 2015,1433511689.862519,+295.814,+296.967,4.820E-3
Fri Jun  5 09:41:31 2015,1433511691.07454,+295.817,+296.969,4.840E-3
Fri Jun  5 09:41:32 2015,1433511692.290373,+295.818,+296.969,4.870E-3
Fri Jun  5 09:41:33 2015,1433511693.505325,+295.814,+296.968,4.900E-3
Fri Jun  5 09:41:34 2015,1433511694.718433,+295.811,+296.968,4.930E-3
Fri Jun  5 09:41:35 2015,1433511695.934886,+295.813,+296.969,4.960E-3
Fri Jun  5 09:41:37 2015,1433511697.155075,+295.816,+296.967,5.010E-3
Fri Jun  5 09:41:38 2015,1433511698.368376,+295.818,+296.967,5.040E-3
Fri Jun  5 09:41:39 2015,1433511699.593202,+295.817,+296.968,5.060E-3
Fri Jun  5 09:41:40 2015,1433511700.806109,+295.818,+296.967,5.090E-3
Fri Jun  5 09:41:42 2015,1433511702.011374,+295.816,+296.966,5.120E-3
Fri Jun  5 09:41:43 2015,1433511703.23138,+295.816,+296.967,5.150E-3
Fri Jun  5 09:41:44 2015,1433511704.449346,+295.814,+296.968,5.180E-3
Fri Jun  5 09:41:45 2015,1433511705.669111,+295.817,+296.968,5.200E-3
Fri Jun  5 09:41:46 2015,1433511706.886592,+295.813,+296.968,5.240E-3
Fri Jun  5 09:41:48 2015,1433511708.101575,+295.814,+296.966,5.250E-3
Fri Jun  5 09:41:49 2015,1433511709.319398,+295.814,+296.966,5.290E-3
Fri Jun  5 09:41:50 2015,1433511710.528868,+295.811,+296.966,5.320E-3
Fri Jun  5 09:41:51 2015,1433511711.752145,+295.816,+296.966,5.340E-3
Fri Jun  5 09:41:52 2015,1433511712.963687,+295.816,+296.966,5.380E-3
Fri Jun  5 09:41:54 2015,1433511714.185495,+295.816,+296.966,5.400E-3
Fri Jun  5 09:41:55 2015,1433511715.40947,+295.813,+296.965,5.440E-3
Fri Jun  5 09:41:56 2015,1433511716.619836,+295.814,+296.967,5.450E-3
Fri Jun  5 09:41:57 2015,1433511717.841879,+295.817,+296.965,5.490E-3
Fri Jun  5 09:41:59 2015,1433511719.060291,+295.814,+296.965,5.510E-3
Fri Jun  5 09:42:00 2015,1433511720.275043,+295.820,+296.966,5.540E-3
Fri Jun  5 09:42:01 2015,1433511721.49557,+295.816,+296.966,5.560E-3
Fri Jun  5 09:42:02 2015,1433511722.712604,+295.816,+296.965,5.590E-3
Fri Jun  5 09:42:03 2015,1433511723.929381,+295.817,+296.965,5.620E-3
Fri Jun  5 09:42:05 2015,1433511725.138999,+295.814,+296.965,5.650E-3
Fri Jun  5 09:42:06 2015,1433511726.362351,+295.814,+296.964,5.680E-3
Fri Jun  5 09:42:07 2015,1433511727.575471,+295.813,+296.963,5.710E-3
Fri Jun  5 09:42:08 2015,1433511728.794282,+295.814,+296.964,5.730E-3
Fri Jun  5 09:42:10 2015,1433511730.010072,+295.814,+296.964,5.760E-3
Fri Jun  5 09:42:11 2015,1433511731.223888,+295.814,+296.964,5.790E-3
Fri Jun  5 09:42:12 2015,1433511732.433633,+295.816,+296.965,5.810E-3
Fri Jun  5 09:42:13 2015,1433511733.657248,+295.813,+296.965,5.850E-3
Fri Jun  5 09:42:14 2015,1433511734.876715,+295.811,+296.964,5.870E-3
Fri Jun  5 09:42:16 2015,1433511736.088371,+295.808,+296.965,5.900E-3
Fri Jun  5 09:42:17 2015,1433511737.304236,+295.813,+296.963,5.920E-3
Fri Jun  5 09:42:18 2015,1433511738.520563,+295.813,+296.964,5.950E-3
Fri Jun  5 09:42:19 2015,1433511739.732401,+295.814,+296.964,5.980E-3
Fri Jun  5 09:42:20 2015,1433511740.949411,+295.811,+296.964,6.010E-3
Fri Jun  5 09:42:22 2015,1433511742.164062,+295.810,+296.964,6.040E-3
Fri Jun  5 09:42:23 2015,1433511743.38572,+295.807,+296.965,6.060E-3
Fri Jun  5 09:42:24 2015,1433511744.601288,+295.810,+296.965,6.090E-3
Fri Jun  5 09:42:25 2015,1433511745.824702,+295.814,+296.963,6.120E-3
Fri Jun  5 09:42:27 2015,1433511747.045205,+295.813,+296.963,6.150E-3
Fri Jun  5 09:42:28 2015,1433511748.258373,+295.813,+296.962,6.170E-3
Fri Jun  5 09:42:29 2015,1433511749.47371,+295.814,+296.962,6.200E-3
Fri Jun  5 09:42:30 2015,1433511750.683522,+295.811,+296.963,6.230E-3
Fri Jun  5 09:42:31 2015,1433511751.894723,+295.813,+296.951,6.250E-3
Fri Jun  5 09:42:33 2015,1433511753.104679,+295.810,+296.963,6.280E-3
Fri Jun  5 09:42:34 2015,1433511754.317271,+295.811,+296.962,6.310E-3
Fri Jun  5 09:42:35 2015,1433511755.532828,+295.813,+296.963,6.340E-3
Fri Jun  5 09:42:36 2015,1433511756.754143,+295.813,+296.961,6.360E-3
Fri Jun  5 09:42:37 2015,1433511757.969672,+295.808,+296.962,6.390E-3
Fri Jun  5 09:42:39 2015,1433511759.190539,+295.817,+296.962,6.420E-3
Fri Jun  5 09:42:40 2015,1433511760.407245,+295.811,+296.962,6.440E-3
Fri Jun  5 09:42:41 2015,1433511761.619748,+295.817,+296.962,6.470E-3
Fri Jun  5 09:42:42 2015,1433511762.835608,+295.811,+296.961,6.490E-3
Fri Jun  5 09:42:44 2015,1433511764.051585,+295.810,+296.962,6.530E-3
Fri Jun  5 09:42:45 2015,1433511765.267456,+295.814,+296.963,6.540E-3
Fri Jun  5 09:42:46 2015,1433511766.479706,+295.813,+296.960,6.580E-3
Fri Jun  5 09:42:47 2015,1433511767.691837,+295.813,+296.960,6.600E-3
Fri Jun  5 09:42:48 2015,1433511768.910895,+295.811,+296.960,6.630E-3
Fri Jun  5 09:42:50 2015,1433511770.122563,+295.810,+296.959,6.660E-3
Fri Jun  5 09:42:51 2015,1433511771.332111,+295.814,+296.960,6.680E-3
Fri Jun  5 09:42:52 2015,1433511772.54983,+295.816,+296.959,6.720E-3
Fri Jun  5 09:42:53 2015,1433511773.765435,+295.814,+296.961,6.740E-3
Fri Jun  5 09:42:54 2015,1433511774.98486,+295.808,+296.959,6.770E-3
Fri Jun  5 09:42:56 2015,1433511776.198879,+295.811,+296.959,6.790E-3
Fri Jun  5 09:42:57 2015,1433511777.418041,+295.814,+296.959,6.820E-3
Fri Jun  5 09:42:58 2015,1433511778.627845,+295.810,+296.959,6.850E-3
Fri Jun  5 09:42:59 2015,1433511779.835741,+295.811,+296.959,6.880E-3
Fri Jun  5 09:43:01 2015,1433511781.049524,+295.813,+296.960,6.910E-3
Fri Jun  5 09:43:02 2015,1433511782.265393,+295.810,+296.958,6.930E-3
Fri Jun  5 09:43:03 2015,1433511783.473572,+295.811,+296.960,6.960E-3
Fri Jun  5 09:43:04 2015,1433511784.692458,+295.810,+296.958,6.980E-3
Fri Jun  5 09:43:05 2015,1433511785.907041,+295.811,+296.959,7.020E-3
Fri Jun  5 09:43:07 2015,1433511787.118791,+295.807,+296.959,7.030E-3
Fri Jun  5 09:43:08 2015,1433511788.333388,+295.814,+296.959,7.070E-3
Fri Jun  5 09:43:09 2015,1433511789.552488,+295.811,+296.958,7.090E-3
Fri Jun  5 09:43:10 2015,1433511790.772886,+295.808,+296.958,7.130E-3
Fri Jun  5 09:43:11 2015,1433511791.986471,+295.808,+296.957,7.150E-3
Fri Jun  5 09:43:13 2015,1433511793.20421,+295.813,+296.958,7.180E-3
Fri Jun  5 09:43:14 2015,1433511794.420589,+295.810,+296.958,7.200E-3
Fri Jun  5 09:43:15 2015,1433511795.636876,+295.806,+296.957,7.240E-3
Fri Jun  5 09:43:16 2015,1433511796.851305,+295.807,+296.959,7.250E-3
Fri Jun  5 09:43:18 2015,1433511798.066445,+295.806,+296.958,7.290E-3
Fri Jun  5 09:43:19 2015,1433511799.277456,+295.813,+296.956,7.310E-3
Fri Jun  5 09:43:20 2015,1433511800.502529,+295.807,+296.957,7.340E-3
Fri Jun  5 09:43:21 2015,1433511801.714258,+295.808,+296.957,7.380E-3
Fri Jun  5 09:43:22 2015,1433511802.936204,+295.808,+296.958,7.390E-3
Fri Jun  5 09:43:24 2015,1433511804.153314,+295.811,+296.957,7.420E-3
Fri Jun  5 09:43:25 2015,1433511805.370629,+295.810,+296.956,7.440E-3
Fri Jun  5 09:43:26 2015,1433511806.583031,+295.810,+296.957,7.470E-3
Fri Jun  5 09:43:27 2015,1433511807.80079,+295.811,+296.956,7.510E-3
Fri Jun  5 09:43:29 2015,1433511809.026315,+295.807,+296.956,7.520E-3
Fri Jun  5 09:43:30 2015,1433511810.242865,+295.811,+296.955,7.560E-3
Fri Jun  5 09:43:31 2015,1433511811.455493,+295.808,+296.956,7.580E-3
Fri Jun  5 09:43:32 2015,1433511812.673704,+295.811,+296.956,7.620E-3
Fri Jun  5 09:43:33 2015,1433511813.888304,+295.807,+296.956,7.630E-3
Fri Jun  5 09:43:35 2015,1433511815.107518,+295.807,+296.956,7.670E-3
Fri Jun  5 09:43:36 2015,1433511816.327977,+295.813,+296.956,7.690E-3
Fri Jun  5 09:43:37 2015,1433511817.545552,+295.813,+296.955,7.720E-3
Fri Jun  5 09:43:38 2015,1433511818.767223,+295.811,+296.954,7.750E-3
Fri Jun  5 09:43:39 2015,1433511819.991636,+295.810,+296.954,7.770E-3
Fri Jun  5 09:43:41 2015,1433511821.207532,+295.810,+296.954,7.810E-3
Fri Jun  5 09:43:42 2015,1433511822.429661,+295.808,+296.955,7.820E-3
Fri Jun  5 09:43:43 2015,1433511823.640526,+295.807,+296.955,7.860E-3
Fri Jun  5 09:43:44 2015,1433511824.853248,+295.807,+296.954,7.880E-3
Fri Jun  5 09:43:46 2015,1433511826.063529,+295.808,+296.956,7.910E-3
Fri Jun  5 09:43:47 2015,1433511827.28087,+295.811,+296.953,7.940E-3
Fri Jun  5 09:43:48 2015,1433511828.495462,+295.811,+296.954,7.960E-3
Fri Jun  5 09:43:49 2015,1433511829.71392,+295.806,+296.953,7.990E-3
Fri Jun  5 09:43:50 2015,1433511830.929919,+295.807,+296.954,8.010E-3
Fri Jun  5 09:43:52 2015,1433511832.146035,+295.805,+296.953,8.050E-3
Fri Jun  5 09:43:53 2015,1433511833.357698,+295.808,+296.953,8.070E-3
Fri Jun  5 09:43:54 2015,1433511834.576156,+295.811,+296.953,8.100E-3
Fri Jun  5 09:43:55 2015,1433511835.795246,+295.811,+296.954,8.120E-3
Fri Jun  5 09:43:57 2015,1433511837.014731,+295.807,+296.952,8.150E-3
Fri Jun  5 09:43:58 2015,1433511838.227617,+295.810,+296.954,8.180E-3
Fri Jun  5 09:43:59 2015,1433511839.450348,+295.807,+296.952,8.200E-3
Fri Jun  5 09:44:00 2015,1433511840.666041,+295.808,+296.952,8.240E-3
Fri Jun  5 09:44:01 2015,1433511841.883456,+295.806,+296.953,8.260E-3
Fri Jun  5 09:44:03 2015,1433511843.104341,+295.810,+296.952,8.290E-3
Fri Jun  5 09:44:04 2015,1433511844.317628,+295.808,+296.952,8.320E-3
Fri Jun  5 09:44:05 2015,1433511845.536268,+295.808,+296.952,8.340E-3
Fri Jun  5 09:44:06 2015,1433511846.755355,+295.806,+296.951,8.370E-3
Fri Jun  5 09:44:07 2015,1433511847.973518,+295.807,+296.951,8.400E-3
Fri Jun  5 09:44:09 2015,1433511849.197501,+295.806,+296.952,8.430E-3
Fri Jun  5 09:44:10 2015,1433511850.417572,+295.805,+296.951,8.450E-3
Fri Jun  5 09:44:11 2015,1433511851.638248,+295.810,+296.950,8.490E-3
Fri Jun  5 09:44:12 2015,1433511852.85607,+295.807,+296.952,8.500E-3
Fri Jun  5 09:44:14 2015,1433511854.072854,+295.807,+296.951,8.540E-3
Fri Jun  5 09:44:15 2015,1433511855.283772,+295.808,+296.950,8.560E-3
Fri Jun  5 09:44:16 2015,1433511856.503868,+295.807,+296.950,8.590E-3
Fri Jun  5 09:44:17 2015,1433511857.720983,+295.810,+296.949,8.620E-3
Fri Jun  5 09:44:18 2015,1433511858.933413,+295.806,+296.951,8.640E-3
Fri Jun  5 09:44:20 2015,1433511860.152462,+295.810,+296.951,8.670E-3
Fri Jun  5 09:44:21 2015,1433511861.371352,+295.805,+296.949,8.690E-3
Fri Jun  5 09:44:22 2015,1433511862.583061,+295.810,+296.949,8.730E-3
Fri Jun  5 09:44:23 2015,1433511863.79934,+295.807,+296.948,8.750E-3
Fri Jun  5 09:44:25 2015,1433511865.011166,+295.811,+296.950,8.780E-3
Fri Jun  5 09:44:26 2015,1433511866.231879,+295.810,+296.948,8.810E-3
Fri Jun  5 09:44:27 2015,1433511867.453382,+295.810,+296.949,8.830E-3
Fri Jun  5 09:44:28 2015,1433511868.668226,+295.805,+296.948,8.860E-3
Fri Jun  5 09:44:29 2015,1433511869.888741,+295.807,+296.947,8.880E-3
Fri Jun  5 09:44:31 2015,1433511871.11233,+295.806,+296.948,8.920E-3
Fri Jun  5 09:44:32 2015,1433511872.319719,+295.806,+296.948,8.940E-3
Fri Jun  5 09:44:33 2015,1433511873.536562,+295.807,+296.947,8.970E-3
Fri Jun  5 09:44:34 2015,1433511874.755541,+295.806,+296.947,8.990E-3
Fri Jun  5 09:44:35 2015,1433511875.967107,+295.805,+296.947,9.020E-3
Fri Jun  5 09:44:37 2015,1433511877.181656,+295.808,+296.947,9.050E-3
Fri Jun  5 09:44:38 2015,1433511878.399267,+295.806,+296.947,9.070E-3
Fri Jun  5 09:44:39 2015,1433511879.622197,+295.808,+296.947,9.110E-3
Fri Jun  5 09:44:40 2015,1433511880.834584,+295.807,+296.947,9.130E-3
Fri Jun  5 09:44:42 2015,1433511882.045962,+295.806,+296.946,9.160E-3
Fri Jun  5 09:44:43 2015,1433511883.261961,+295.810,+296.948,9.180E-3
Fri Jun  5 09:44:44 2015,1433511884.480102,+295.808,+296.946,9.210E-3
Fri Jun  5 09:44:45 2015,1433511885.690134,+295.805,+296.947,9.240E-3
Fri Jun  5 09:44:46 2015,1433511886.908152,+295.805,+296.946,9.260E-3
Fri Jun  5 09:44:48 2015,1433511888.12615,+295.801,+296.946,9.290E-3
Fri Jun  5 09:44:49 2015,1433511889.344819,+295.805,+296.947,9.310E-3
Fri Jun  5 09:44:50 2015,1433511890.558685,+295.803,+296.946,9.350E-3
Fri Jun  5 09:44:51 2015,1433511891.769844,+295.805,+296.946,9.360E-3
Fri Jun  5 09:44:52 2015,1433511892.985703,+295.807,+296.944,9.400E-3
Fri Jun  5 09:44:54 2015,1433511894.198116,+295.810,+296.945,9.420E-3
Fri Jun  5 09:44:55 2015,1433511895.413309,+295.808,+296.945,9.440E-3
Fri Jun  5 09:44:56 2015,1433511896.634395,+295.801,+296.945,9.480E-3
Fri Jun  5 09:44:57 2015,1433511897.858674,+295.800,+296.944,9.500E-3
Fri Jun  5 09:44:59 2015,1433511899.077074,+295.805,+296.945,9.540E-3
Fri Jun  5 09:45:00 2015,1433511900.289862,+295.800,+296.945,9.560E-3
Fri Jun  5 09:45:01 2015,1433511901.507187,+295.805,+296.944,9.590E-3
Fri Jun  5 09:45:02 2015,1433511902.724788,+295.806,+296.944,9.610E-3
Fri Jun  5 09:45:03 2015,1433511903.944113,+295.805,+296.945,9.640E-3
Fri Jun  5 09:45:05 2015,1433511905.158335,+295.800,+296.944,9.670E-3
Fri Jun  5 09:45:06 2015,1433511906.376242,+295.803,+296.943,9.690E-3
Fri Jun  5 09:45:07 2015,1433511907.593944,+295.801,+296.944,9.720E-3
Fri Jun  5 09:45:08 2015,1433511908.802887,+295.808,+296.943,9.750E-3
Fri Jun  5 09:45:10 2015,1433511910.015182,+295.805,+296.944,9.780E-3
Fri Jun  5 09:45:11 2015,1433511911.231353,+295.803,+296.942,9.800E-3
Fri Jun  5 09:45:12 2015,1433511912.446876,+295.806,+296.944,9.830E-3
Fri Jun  5 09:45:13 2015,1433511913.664577,+295.806,+296.941,9.860E-3
Fri Jun  5 09:45:14 2015,1433511914.889822,+295.805,+296.942,9.880E-3
Fri Jun  5 09:45:16 2015,1433511916.112903,+295.803,+296.941,9.910E-3
Fri Jun  5 09:45:17 2015,1433511917.332152,+295.805,+296.943,9.930E-3
Fri Jun  5 09:45:18 2015,1433511918.551271,+295.805,+296.942,9.970E-3
Fri Jun  5 09:45:19 2015,1433511919.765724,+295.801,+296.942,9.980E-3
Fri Jun  5 09:45:20 2015,1433511920.976295,+295.803,+296.942,1.002E-2
Fri Jun  5 09:45:22 2015,1433511922.196673,+295.801,+296.941,1.005E-2
Fri Jun  5 09:45:23 2015,1433511923.411978,+295.803,+296.940,1.007E-2
Fri Jun  5 09:45:24 2015,1433511924.631252,+295.801,+296.942,1.010E-2
Fri Jun  5 09:45:25 2015,1433511925.850462,+295.803,+296.942,1.012E-2
Fri Jun  5 09:45:27 2015,1433511927.06373,+295.805,+296.942,1.015E-2
Fri Jun  5 09:45:28 2015,1433511928.273424,+295.800,+296.940,1.018E-2
Fri Jun  5 09:45:29 2015,1433511929.485592,+295.806,+296.941,1.021E-2
Fri Jun  5 09:45:30 2015,1433511930.699761,+295.800,+296.940,1.023E-2
Fri Jun  5 09:45:31 2015,1433511931.913082,+295.803,+296.941,1.025E-2
Fri Jun  5 09:45:33 2015,1433511933.129128,+295.797,+296.940,1.029E-2
Fri Jun  5 09:45:34 2015,1433511934.341712,+295.801,+296.941,1.031E-2
Fri Jun  5 09:45:35 2015,1433511935.558127,+295.808,+296.939,1.034E-2
Fri Jun  5 09:45:36 2015,1433511936.771453,+295.800,+296.940,1.036E-2
Fri Jun  5 09:45:37 2015,1433511937.991593,+295.803,+296.940,1.040E-2
Fri Jun  5 09:45:39 2015,1433511939.204779,+295.805,+296.940,1.041E-2
Fri Jun  5 09:45:40 2015,1433511940.41111,+295.800,+296.940,1.045E-2
Fri Jun  5 09:45:41 2015,1433511941.632495,+295.801,+296.939,1.048E-2
Fri Jun  5 09:45:42 2015,1433511942.848434,+295.801,+296.938,1.049E-2
Fri Jun  5 09:45:44 2015,1433511944.06417,+295.803,+296.938,1.053E-2
Fri Jun  5 09:45:45 2015,1433511945.279518,+295.805,+296.938,1.055E-2
Fri Jun  5 09:45:46 2015,1433511946.493521,+295.799,+296.937,1.058E-2
Fri Jun  5 09:45:47 2015,1433511947.709335,+295.803,+296.939,1.061E-2
Fri Jun  5 09:45:49 2015,1433511949.02883,+295.800,+296.938,1.063E-2
Fri Jun  5 09:45:50 2015,1433511950.24274,+295.801,+296.937,1.066E-2
Fri Jun  5 09:45:51 2015,1433511951.458653,+295.799,+296.937,1.068E-2
Fri Jun  5 09:45:52 2015,1433511952.670481,+295.803,+296.937,1.071E-2
Fri Jun  5 09:45:53 2015,1433511953.877167,+295.800,+296.937,1.073E-2
Fri Jun  5 09:45:55 2015,1433511955.092613,+295.800,+296.939,1.077E-2
Fri Jun  5 09:45:56 2015,1433511956.306342,+295.805,+296.937,1.079E-2
Fri Jun  5 09:45:57 2015,1433511957.520342,+295.803,+296.936,1.083E-2
Fri Jun  5 09:45:58 2015,1433511958.736833,+295.799,+296.936,1.084E-2
Fri Jun  5 09:45:59 2015,1433511959.954981,+295.799,+296.936,1.087E-2
Fri Jun  5 09:46:01 2015,1433511961.174266,+295.797,+296.936,1.090E-2
Fri Jun  5 09:46:02 2015,1433511962.38024,+295.800,+296.936,1.092E-2
Fri Jun  5 09:46:03 2015,1433511963.595244,+295.801,+296.936,1.096E-2
Fri Jun  5 09:46:04 2015,1433511964.809749,+295.796,+296.936,1.097E-2
Fri Jun  5 09:46:06 2015,1433511966.029346,+295.799,+296.935,1.101E-2
Fri Jun  5 09:46:07 2015,1433511967.238272,+295.803,+296.936,1.102E-2
Fri Jun  5 09:46:08 2015,1433511968.44747,+295.797,+296.936,1.106E-2
Fri Jun  5 09:46:09 2015,1433511969.668437,+295.799,+296.935,1.108E-2
Fri Jun  5 09:46:10 2015,1433511970.882941,+295.805,+296.936,1.111E-2
Fri Jun  5 09:46:12 2015,1433511972.099371,+295.803,+296.934,1.114E-2
Fri Jun  5 09:46:13 2015,1433511973.311328,+295.796,+296.934,1.116E-2
Fri Jun  5 09:46:14 2015,1433511974.528711,+295.799,+296.934,1.120E-2
Fri Jun  5 09:46:15 2015,1433511975.740539,+295.797,+296.935,1.121E-2
Fri Jun  5 09:46:16 2015,1433511976.957005,+295.799,+296.935,1.125E-2
Fri Jun  5 09:46:18 2015,1433511978.172715,+295.801,+296.936,1.127E-2
Fri Jun  5 09:46:19 2015,1433511979.390006,+295.805,+296.935,1.130E-2
Fri Jun  5 09:46:20 2015,1433511980.61065,+295.799,+296.935,1.133E-2
Fri Jun  5 09:46:21 2015,1433511981.822744,+295.796,+296.933,1.135E-2
Fri Jun  5 09:46:23 2015,1433511983.043067,+295.796,+296.934,1.138E-2
Fri Jun  5 09:46:24 2015,1433511984.265865,+295.799,+296.931,1.140E-2
Fri Jun  5 09:46:25 2015,1433511985.476153,+295.801,+296.933,1.144E-2
Fri Jun  5 09:46:26 2015,1433511986.704397,+295.799,+296.933,1.146E-2
Fri Jun  5 09:46:27 2015,1433511987.925877,+295.800,+296.933,1.149E-2
Fri Jun  5 09:46:29 2015,1433511989.138149,+295.801,+296.932,1.152E-2
Fri Jun  5 09:46:30 2015,1433511990.353408,+295.799,+296.933,1.153E-2
Fri Jun  5 09:46:31 2015,1433511991.570164,+295.801,+296.932,1.157E-2
Fri Jun  5 09:46:32 2015,1433511992.796513,+295.801,+296.932,1.159E-2
Fri Jun  5 09:46:34 2015,1433511994.016764,+295.796,+296.932,1.163E-2
Fri Jun  5 09:46:35 2015,1433511995.226672,+295.799,+296.931,1.165E-2
Fri Jun  5 09:46:36 2015,1433511996.438055,+295.794,+296.931,1.168E-2
Fri Jun  5 09:46:37 2015,1433511997.653802,+295.797,+296.931,1.170E-2
Fri Jun  5 09:46:38 2015,1433511998.865318,+295.797,+296.930,1.173E-2
Fri Jun  5 09:46:40 2015,1433512000.081006,+295.800,+296.932,1.176E-2
Fri Jun  5 09:46:41 2015,1433512001.300579,+295.797,+296.931,1.178E-2
Fri Jun  5 09:46:42 2015,1433512002.520531,+295.799,+296.931,1.182E-2
Fri Jun  5 09:46:43 2015,1433512003.734246,+295.797,+296.932,1.184E-2
Fri Jun  5 09:46:44 2015,1433512004.943715,+295.799,+296.931,1.187E-2
Fri Jun  5 09:46:46 2015,1433512006.156989,+295.801,+296.932,1.189E-2
Fri Jun  5 09:46:47 2015,1433512007.366413,+295.799,+296.930,1.192E-2
Fri Jun  5 09:46:48 2015,1433512008.570648,+295.796,+296.931,1.195E-2
Fri Jun  5 09:46:49 2015,1433512009.794425,+295.797,+296.930,1.197E-2
Fri Jun  5 09:46:51 2015,1433512011.00261,+295.799,+296.930,1.201E-2
Fri Jun  5 09:46:52 2015,1433512012.224247,+295.800,+296.930,1.203E-2
Fri Jun  5 09:46:53 2015,1433512013.439741,+295.797,+296.928,1.206E-2
Fri Jun  5 09:46:54 2015,1433512014.659101,+295.796,+296.928,1.208E-2
Fri Jun  5 09:46:55 2015,1433512015.878362,+295.796,+296.928,1.211E-2
Fri Jun  5 09:46:57 2015,1433512017.093232,+295.796,+296.928,1.214E-2
Fri Jun  5 09:46:58 2015,1433512018.313334,+295.793,+296.928,1.216E-2
Fri Jun  5 09:46:59 2015,1433512019.534729,+295.800,+296.927,1.220E-2
Fri Jun  5 09:47:00 2015,1433512020.750855,+295.799,+296.928,1.221E-2
Fri Jun  5 09:47:01 2015,1433512021.967849,+295.797,+296.926,1.225E-2
Fri Jun  5 09:47:03 2015,1433512023.184802,+295.799,+296.928,1.227E-2
Fri Jun  5 09:47:04 2015,1433512024.398176,+295.796,+296.928,1.230E-2
Fri Jun  5 09:47:05 2015,1433512025.613916,+295.793,+296.927,1.232E-2
Fri Jun  5 09:47:06 2015,1433512026.83587,+295.796,+296.927,1.235E-2
Fri Jun  5 09:47:08 2015,1433512028.053528,+295.797,+296.928,1.238E-2
Fri Jun  5 09:47:09 2015,1433512029.277866,+295.800,+296.927,1.241E-2
Fri Jun  5 09:47:10 2015,1433512030.493358,+295.797,+296.926,1.244E-2
Fri Jun  5 09:47:11 2015,1433512031.710136,+295.799,+296.925,1.247E-2
Fri Jun  5 09:47:12 2015,1433512032.925911,+295.797,+296.925,1.249E-2
Fri Jun  5 09:47:14 2015,1433512034.142233,+295.793,+296.927,1.252E-2
Fri Jun  5 09:47:15 2015,1433512035.356013,+295.797,+296.926,1.254E-2
Fri Jun  5 09:47:16 2015,1433512036.574006,+295.796,+296.925,1.257E-2
Fri Jun  5 09:47:17 2015,1433512037.794391,+295.794,+296.926,1.260E-2
Fri Jun  5 09:47:19 2015,1433512039.011,+295.797,+296.925,1.262E-2
Fri Jun  5 09:47:20 2015,1433512040.223055,+295.794,+296.924,1.265E-2
Fri Jun  5 09:47:21 2015,1433512041.439279,+295.796,+296.924,1.268E-2
Fri Jun  5 09:47:22 2015,1433512042.667154,+295.793,+296.925,1.271E-2
Fri Jun  5 09:47:23 2015,1433512043.88895,+295.794,+296.924,1.273E-2
Fri Jun  5 09:47:25 2015,1433512045.124275,+295.797,+296.924,1.276E-2
Fri Jun  5 09:47:26 2015,1433512046.332382,+295.792,+296.924,1.279E-2
Fri Jun  5 09:47:27 2015,1433512047.558028,+295.797,+296.924,1.281E-2
Fri Jun  5 09:47:28 2015,1433512048.784076,+295.793,+296.924,1.284E-2
Fri Jun  5 09:47:29 2015,1433512049.997515,+295.797,+296.924,1.286E-2
Fri Jun  5 09:47:31 2015,1433512051.207574,+295.790,+296.923,1.290E-2
Fri Jun  5 09:47:32 2015,1433512052.412527,+295.796,+296.923,1.291E-2
Fri Jun  5 09:47:33 2015,1433512053.62475,+295.794,+296.922,1.295E-2
Fri Jun  5 09:47:34 2015,1433512054.83271,+295.796,+296.922,1.297E-2
Fri Jun  5 09:47:36 2015,1433512056.043881,+295.792,+296.922,1.300E-2
Fri Jun  5 09:47:37 2015,1433512057.254852,+295.793,+296.922,1.303E-2
Fri Jun  5 09:47:38 2015,1433512058.472317,+295.792,+296.921,1.305E-2
Fri Jun  5 09:47:39 2015,1433512059.693422,+295.789,+296.922,1.308E-2
Fri Jun  5 09:47:40 2015,1433512060.904868,+295.797,+296.921,1.310E-2
Fri Jun  5 09:47:42 2015,1433512062.120094,+295.793,+296.922,1.314E-2
Fri Jun  5 09:47:43 2015,1433512063.326666,+295.792,+296.922,1.316E-2
Fri Jun  5 09:47:44 2015,1433512064.540833,+295.792,+296.921,1.319E-2
Fri Jun  5 09:47:45 2015,1433512065.750912,+295.794,+296.920,1.322E-2
Fri Jun  5 09:47:46 2015,1433512066.96084,+295.797,+296.919,1.324E-2
Fri Jun  5 09:47:48 2015,1433512068.178952,+295.793,+296.919,1.327E-2
Fri Jun  5 09:47:49 2015,1433512069.394779,+295.793,+296.919,1.329E-2
Fri Jun  5 09:47:50 2015,1433512070.610839,+295.792,+296.919,1.333E-2
Fri Jun  5 09:47:51 2015,1433512071.823674,+295.789,+296.919,1.334E-2
Fri Jun  5 09:47:53 2015,1433512073.038473,+295.792,+296.920,1.338E-2
Fri Jun  5 09:47:54 2015,1433512074.250145,+295.793,+296.919,1.340E-2
Fri Jun  5 09:47:55 2015,1433512075.466582,+295.796,+296.918,1.343E-2
Fri Jun  5 09:47:56 2015,1433512076.684961,+295.794,+296.919,1.346E-2
Fri Jun  5 09:47:57 2015,1433512077.904145,+295.794,+296.918,1.348E-2
Fri Jun  5 09:47:59 2015,1433512079.122266,+295.794,+296.919,1.351E-2
Fri Jun  5 09:48:00 2015,1433512080.337543,+295.789,+296.919,1.353E-2
Fri Jun  5 09:48:01 2015,1433512081.550101,+295.799,+296.919,1.356E-2
Fri Jun  5 09:48:02 2015,1433512082.765734,+295.796,+296.919,1.359E-2
Fri Jun  5 09:48:03 2015,1433512083.976655,+295.792,+296.919,1.362E-2
Fri Jun  5 09:48:05 2015,1433512085.197825,+295.796,+296.917,1.365E-2
Fri Jun  5 09:48:06 2015,1433512086.415652,+295.790,+296.916,1.367E-2
Fri Jun  5 09:48:07 2015,1433512087.626397,+295.789,+296.916,1.370E-2
Fri Jun  5 09:48:08 2015,1433512088.853794,+295.794,+296.916,1.372E-2
Fri Jun  5 09:48:10 2015,1433512090.06188,+295.797,+296.917,1.376E-2
Fri Jun  5 09:48:11 2015,1433512091.273463,+295.799,+296.917,1.377E-2
Fri Jun  5 09:48:12 2015,1433512092.546318,+295.794,+296.916,1.380E-2
Fri Jun  5 09:48:13 2015,1433512093.758029,+295.793,+296.915,1.383E-2
Fri Jun  5 09:48:14 2015,1433512094.984973,+295.792,+296.917,1.385E-2
Fri Jun  5 09:48:16 2015,1433512096.190327,+295.792,+296.917,1.389E-2
Fri Jun  5 09:48:17 2015,1433512097.400289,+295.789,+296.917,1.391E-2
Fri Jun  5 09:48:18 2015,1433512098.619663,+295.797,+296.917,1.395E-2
Fri Jun  5 09:48:19 2015,1433512099.830334,+295.794,+296.916,1.396E-2
Fri Jun  5 09:48:21 2015,1433512101.042514,+295.796,+296.916,1.400E-2
Fri Jun  5 09:48:22 2015,1433512102.255587,+295.794,+296.915,1.402E-2
Fri Jun  5 09:48:23 2015,1433512103.463591,+295.794,+296.916,1.404E-2
Fri Jun  5 09:48:24 2015,1433512104.678575,+295.794,+296.915,1.407E-2
Fri Jun  5 09:48:25 2015,1433512105.891578,+295.792,+296.915,1.409E-2
Fri Jun  5 09:48:27 2015,1433512107.104006,+295.793,+296.915,1.413E-2
Fri Jun  5 09:48:28 2015,1433512108.314921,+295.790,+296.914,1.414E-2
Fri Jun  5 09:48:29 2015,1433512109.533287,+295.792,+296.914,1.418E-2
Fri Jun  5 09:48:30 2015,1433512110.748074,+295.789,+296.914,1.420E-2
Fri Jun  5 09:48:31 2015,1433512111.965049,+295.792,+296.914,1.423E-2
Fri Jun  5 09:48:33 2015,1433512113.182576,+295.792,+296.914,1.425E-2
Fri Jun  5 09:48:34 2015,1433512114.448595,+295.790,+296.914,1.428E-2
Fri Jun  5 09:48:35 2015,1433512115.668762,+295.793,+296.913,1.431E-2
Fri Jun  5 09:48:36 2015,1433512116.884959,+295.794,+296.913,1.433E-2
Fri Jun  5 09:48:38 2015,1433512118.102008,+295.793,+296.913,1.437E-2
Fri Jun  5 09:48:39 2015,1433512119.312604,+295.793,+296.912,1.439E-2
Fri Jun  5 09:48:40 2015,1433512120.520318,+295.790,+296.912,1.442E-2
Fri Jun  5 09:48:41 2015,1433512121.736211,+295.793,+296.911,1.444E-2
Fri Jun  5 09:48:42 2015,1433512122.946225,+295.793,+296.911,1.447E-2
Fri Jun  5 09:48:44 2015,1433512124.167591,+295.786,+296.911,1.450E-2
Fri Jun  5 09:48:45 2015,1433512125.383854,+295.792,+296.911,1.452E-2
Fri Jun  5 09:48:46 2015,1433512126.593673,+295.792,+296.911,1.456E-2
Fri Jun  5 09:48:47 2015,1433512127.817743,+295.792,+296.913,1.457E-2
Fri Jun  5 09:48:49 2015,1433512129.038004,+295.789,+296.912,1.461E-2
Fri Jun  5 09:48:50 2015,1433512130.252923,+295.792,+296.910,1.463E-2
Fri Jun  5 09:48:51 2015,1433512131.470777,+295.793,+296.911,1.466E-2
Fri Jun  5 09:48:52 2015,1433512132.684771,+295.789,+296.910,1.469E-2
Fri Jun  5 09:48:53 2015,1433512133.903773,+295.789,+296.909,1.471E-2
Fri Jun  5 09:48:55 2015,1433512135.114171,+295.788,+296.908,1.474E-2
Fri Jun  5 09:48:56 2015,1433512136.326169,+295.790,+296.909,1.476E-2
Fri Jun  5 09:48:57 2015,1433512137.54432,+295.788,+296.909,1.480E-2
Fri Jun  5 09:48:58 2015,1433512138.762991,+295.790,+296.909,1.482E-2
Fri Jun  5 09:48:59 2015,1433512139.984156,+295.793,+296.909,1.485E-2
Fri Jun  5 09:49:01 2015,1433512141.204666,+295.784,+296.909,1.488E-2
Fri Jun  5 09:49:02 2015,1433512142.41683,+295.789,+296.908,1.490E-2
Fri Jun  5 09:49:03 2015,1433512143.629962,+295.789,+296.908,1.493E-2
Fri Jun  5 09:49:04 2015,1433512144.835347,+295.794,+296.908,1.495E-2
Fri Jun  5 09:49:06 2015,1433512146.054037,+295.793,+296.907,1.499E-2
Fri Jun  5 09:49:07 2015,1433512147.274899,+295.789,+296.907,1.501E-2
Fri Jun  5 09:49:08 2015,1433512148.496074,+295.786,+296.908,1.504E-2
Fri Jun  5 09:49:09 2015,1433512149.717284,+295.790,+296.910,1.506E-2
Fri Jun  5 09:49:10 2015,1433512150.930363,+295.788,+296.906,1.509E-2
Fri Jun  5 09:49:12 2015,1433512152.140498,+295.792,+296.907,1.512E-2
Fri Jun  5 09:49:13 2015,1433512153.363387,+295.790,+296.907,1.514E-2
Fri Jun  5 09:49:14 2015,1433512154.572913,+295.788,+296.906,1.517E-2
Fri Jun  5 09:49:15 2015,1433512155.795721,+295.789,+296.906,1.519E-2
Fri Jun  5 09:49:17 2015,1433512157.016834,+295.788,+296.907,1.523E-2
Fri Jun  5 09:49:18 2015,1433512158.238726,+295.784,+296.906,1.524E-2
Fri Jun  5 09:49:19 2015,1433512159.456955,+295.789,+296.906,1.528E-2
Fri Jun  5 09:49:20 2015,1433512160.682795,+295.789,+296.905,1.531E-2
Fri Jun  5 09:49:21 2015,1433512161.904482,+295.789,+296.906,1.533E-2
Fri Jun  5 09:49:23 2015,1433512163.122295,+295.790,+296.905,1.536E-2
Fri Jun  5 09:49:24 2015,1433512164.33622,+295.793,+296.904,1.538E-2
Fri Jun  5 09:49:25 2015,1433512165.556409,+295.790,+296.904,1.542E-2
Fri Jun  5 09:49:26 2015,1433512166.772126,+295.792,+296.904,1.543E-2
Fri Jun  5 09:49:27 2015,1433512167.997255,+295.789,+296.904,1.546E-2
Fri Jun  5 09:49:29 2015,1433512169.218101,+295.788,+296.904,1.549E-2
Fri Jun  5 09:49:30 2015,1433512170.429794,+295.789,+296.905,1.551E-2
Fri Jun  5 09:49:31 2015,1433512171.645072,+295.789,+296.904,1.555E-2
Fri Jun  5 09:49:32 2015,1433512172.864135,+295.792,+296.903,1.557E-2
Fri Jun  5 09:49:34 2015,1433512174.084525,+295.793,+296.903,1.560E-2
Fri Jun  5 09:49:35 2015,1433512175.301915,+295.790,+296.902,1.562E-2
Fri Jun  5 09:49:36 2015,1433512176.518221,+295.790,+296.903,1.566E-2
Fri Jun  5 09:49:37 2015,1433512177.743944,+295.789,+296.903,1.568E-2
Fri Jun  5 09:49:38 2015,1433512178.965329,+295.786,+296.902,1.570E-2
Fri Jun  5 09:49:40 2015,1433512180.178296,+295.789,+296.903,1.574E-2
Fri Jun  5 09:49:41 2015,1433512181.403505,+295.784,+296.903,1.575E-2
Fri Jun  5 09:49:42 2015,1433512182.622023,+295.789,+296.903,1.579E-2
Fri Jun  5 09:49:43 2015,1433512183.837229,+295.788,+296.903,1.581E-2
Fri Jun  5 09:49:45 2015,1433512185.05155,+295.788,+296.902,1.584E-2
Fri Jun  5 09:49:46 2015,1433512186.273954,+295.789,+296.901,1.586E-2
Fri Jun  5 09:49:47 2015,1433512187.498378,+295.788,+296.901,1.589E-2
Fri Jun  5 09:49:48 2015,1433512188.721369,+295.786,+296.900,1.592E-2
Fri Jun  5 09:49:49 2015,1433512189.939856,+295.789,+296.901,1.594E-2
Fri Jun  5 09:49:51 2015,1433512191.158941,+295.782,+296.902,1.598E-2
Fri Jun  5 09:49:52 2015,1433512192.379253,+295.788,+296.900,1.599E-2
Fri Jun  5 09:49:53 2015,1433512193.591149,+295.788,+296.900,1.603E-2
Fri Jun  5 09:49:54 2015,1433512194.807764,+295.786,+296.901,1.605E-2
Fri Jun  5 09:49:56 2015,1433512196.028133,+295.786,+296.899,1.608E-2
Fri Jun  5 09:49:57 2015,1433512197.25235,+295.790,+296.898,1.611E-2
Fri Jun  5 09:49:58 2015,1433512198.475357,+295.788,+296.899,1.613E-2
Fri Jun  5 09:49:59 2015,1433512199.695226,+295.788,+296.899,1.616E-2
Fri Jun  5 09:50:00 2015,1433512200.916583,+295.783,+296.899,1.618E-2
Fri Jun  5 09:50:02 2015,1433512202.142325,+295.788,+296.900,1.622E-2
Fri Jun  5 09:50:03 2015,1433512203.360533,+295.784,+296.898,1.624E-2
Fri Jun  5 09:50:04 2015,1433512204.580607,+295.790,+296.898,1.627E-2
Fri Jun  5 09:50:05 2015,1433512205.799936,+295.788,+296.899,1.629E-2
Fri Jun  5 09:50:07 2015,1433512207.012809,+295.784,+296.897,1.632E-2
Fri Jun  5 09:50:08 2015,1433512208.233813,+295.788,+296.899,1.635E-2
Fri Jun  5 09:50:09 2015,1433512209.439996,+295.786,+296.897,1.637E-2
Fri Jun  5 09:50:10 2015,1433512210.650733,+295.786,+296.897,1.640E-2
Fri Jun  5 09:50:11 2015,1433512211.875091,+295.786,+296.896,1.642E-2
Fri Jun  5 09:50:13 2015,1433512213.079126,+295.786,+296.897,1.646E-2
Fri Jun  5 09:50:14 2015,1433512214.300426,+295.788,+296.896,1.647E-2
Fri Jun  5 09:50:15 2015,1433512215.512202,+295.789,+296.896,1.651E-2
Fri Jun  5 09:50:16 2015,1433512216.725269,+295.786,+296.895,1.653E-2
Fri Jun  5 09:50:17 2015,1433512217.935153,+295.788,+296.895,1.656E-2
Fri Jun  5 09:50:19 2015,1433512219.150143,+295.788,+296.895,1.659E-2
Fri Jun  5 09:50:20 2015,1433512220.368225,+295.789,+296.895,1.661E-2
Fri Jun  5 09:50:21 2015,1433512221.585382,+295.783,+296.895,1.664E-2
Fri Jun  5 09:50:22 2015,1433512222.798143,+295.786,+296.896,1.666E-2
Fri Jun  5 09:50:24 2015,1433512224.009536,+295.783,+296.895,1.670E-2
Fri Jun  5 09:50:25 2015,1433512225.227287,+295.784,+296.894,1.672E-2
Fri Jun  5 09:50:26 2015,1433512226.449337,+295.784,+296.894,1.674E-2
Fri Jun  5 09:50:27 2015,1433512227.672562,+295.786,+296.894,1.678E-2
Fri Jun  5 09:50:28 2015,1433512228.890246,+295.788,+296.894,1.680E-2
Fri Jun  5 09:50:30 2015,1433512230.09784,+295.784,+296.894,1.683E-2
Fri Jun  5 09:50:31 2015,1433512231.31818,+295.784,+296.894,1.685E-2
Fri Jun  5 09:50:32 2015,1433512232.535517,+295.782,+296.893,1.688E-2
Fri Jun  5 09:50:33 2015,1433512233.756814,+295.786,+296.892,1.691E-2
Fri Jun  5 09:50:34 2015,1433512234.975305,+295.788,+296.892,1.693E-2
Fri Jun  5 09:50:36 2015,1433512236.194974,+295.786,+296.892,1.696E-2
Fri Jun  5 09:50:37 2015,1433512237.408788,+295.786,+296.893,1.699E-2
Fri Jun  5 09:50:38 2015,1433512238.624208,+295.783,+296.893,1.701E-2
Fri Jun  5 09:50:39 2015,1433512239.839345,+295.786,+296.892,1.704E-2
Fri Jun  5 09:50:41 2015,1433512241.050109,+295.783,+296.893,1.707E-2
Fri Jun  5 09:50:42 2015,1433512242.26824,+295.786,+296.892,1.710E-2
Fri Jun  5 09:50:43 2015,1433512243.482937,+295.786,+296.890,1.711E-2
Fri Jun  5 09:50:44 2015,1433512244.688681,+295.783,+296.890,1.715E-2
Fri Jun  5 09:50:45 2015,1433512245.900543,+295.788,+296.891,1.718E-2
Fri Jun  5 09:50:47 2015,1433512247.112173,+295.784,+296.891,1.720E-2
Fri Jun  5 09:50:48 2015,1433512248.335718,+295.783,+296.891,1.723E-2
Fri Jun  5 09:50:49 2015,1433512249.555501,+295.784,+296.891,1.725E-2
Fri Jun  5 09:50:50 2015,1433512250.76999,+295.782,+296.890,1.728E-2
Fri Jun  5 09:50:51 2015,1433512251.986994,+295.786,+296.890,1.730E-2
Fri Jun  5 09:50:53 2015,1433512253.201385,+295.781,+296.889,1.734E-2
Fri Jun  5 09:50:54 2015,1433512254.422779,+295.783,+296.889,1.736E-2
Fri Jun  5 09:50:55 2015,1433512255.637559,+295.786,+296.888,1.739E-2
Fri Jun  5 09:50:56 2015,1433512256.859853,+295.784,+296.888,1.742E-2
Fri Jun  5 09:50:58 2015,1433512258.08024,+295.789,+296.888,1.744E-2
Fri Jun  5 09:50:59 2015,1433512259.305554,+295.781,+296.887,1.747E-2
Fri Jun  5 09:51:00 2015,1433512260.522486,+295.784,+296.887,1.749E-2
Fri Jun  5 09:51:01 2015,1433512261.741435,+295.781,+296.887,1.753E-2
Fri Jun  5 09:51:02 2015,1433512262.95985,+295.781,+296.888,1.755E-2
Fri Jun  5 09:51:04 2015,1433512264.178376,+295.782,+296.889,1.757E-2
Fri Jun  5 09:51:05 2015,1433512265.390667,+295.781,+296.887,1.760E-2
Fri Jun  5 09:51:06 2015,1433512266.605862,+295.783,+296.885,1.763E-2
Fri Jun  5 09:51:07 2015,1433512267.814918,+295.781,+296.886,1.766E-2
Fri Jun  5 09:51:09 2015,1433512269.043181,+295.781,+296.888,1.768E-2
Fri Jun  5 09:51:10 2015,1433512270.262212,+295.781,+296.886,1.771E-2
Fri Jun  5 09:51:11 2015,1433512271.481103,+295.782,+296.887,1.773E-2
Fri Jun  5 09:51:12 2015,1433512272.692509,+295.782,+296.887,1.776E-2
Fri Jun  5 09:51:13 2015,1433512273.908206,+295.775,+296.887,1.779E-2
Fri Jun  5 09:51:15 2015,1433512275.135139,+295.781,+296.885,1.781E-2
Fri Jun  5 09:51:16 2015,1433512276.357999,+295.781,+296.885,1.785E-2
Fri Jun  5 09:51:17 2015,1433512277.568423,+295.784,+296.885,1.787E-2
Fri Jun  5 09:51:18 2015,1433512278.788832,+295.786,+296.884,1.790E-2
Fri Jun  5 09:51:20 2015,1433512280.003344,+295.783,+296.885,1.792E-2
Fri Jun  5 09:51:21 2015,1433512281.217903,+295.782,+296.885,1.795E-2
Fri Jun  5 09:51:22 2015,1433512282.452052,+295.782,+296.884,1.798E-2
Fri Jun  5 09:51:23 2015,1433512283.67488,+295.777,+296.884,1.800E-2
Fri Jun  5 09:51:24 2015,1433512284.899119,+295.783,+296.882,1.803E-2
Fri Jun  5 09:51:26 2015,1433512286.11293,+295.781,+296.883,1.805E-2
Fri Jun  5 09:51:27 2015,1433512287.320542,+295.777,+296.884,1.809E-2
Fri Jun  5 09:51:28 2015,1433512288.527616,+295.781,+296.883,1.811E-2
Fri Jun  5 09:51:29 2015,1433512289.736487,+295.782,+296.884,1.814E-2
Fri Jun  5 09:51:30 2015,1433512290.954218,+295.777,+296.884,1.816E-2
Fri Jun  5 09:51:32 2015,1433512292.176311,+295.782,+296.882,1.819E-2
Fri Jun  5 09:51:33 2015,1433512293.396816,+295.782,+296.882,1.821E-2
Fri Jun  5 09:51:34 2015,1433512294.622364,+295.775,+296.880,1.824E-2
Fri Jun  5 09:51:35 2015,1433512295.846345,+295.776,+296.880,1.827E-2
Fri Jun  5 09:51:37 2015,1433512297.058118,+295.776,+296.881,1.829E-2
Fri Jun  5 09:51:38 2015,1433512298.277231,+295.779,+296.881,1.833E-2
Fri Jun  5 09:51:39 2015,1433512299.490421,+295.782,+296.881,1.835E-2
Fri Jun  5 09:51:40 2015,1433512300.704203,+295.782,+296.881,1.838E-2
Fri Jun  5 09:51:41 2015,1433512301.92782,+295.777,+296.880,1.841E-2
Fri Jun  5 09:51:43 2015,1433512303.145769,+295.777,+296.882,1.843E-2
Fri Jun  5 09:51:44 2015,1433512304.363704,+295.783,+296.881,1.846E-2
Fri Jun  5 09:51:45 2015,1433512305.583416,+295.782,+296.880,1.848E-2
Fri Jun  5 09:51:46 2015,1433512306.795891,+295.782,+296.879,1.851E-2
Fri Jun  5 09:51:48 2015,1433512308.008985,+295.779,+296.879,1.853E-2
Fri Jun  5 09:51:49 2015,1433512309.229217,+295.782,+296.879,1.857E-2
Fri Jun  5 09:51:50 2015,1433512310.452918,+295.777,+296.879,1.859E-2
Fri Jun  5 09:51:51 2015,1433512311.662423,+295.777,+296.879,1.862E-2
Fri Jun  5 09:51:52 2015,1433512312.871005,+295.777,+296.879,1.865E-2
Fri Jun  5 09:51:54 2015,1433512314.09084,+295.782,+296.878,1.866E-2
Fri Jun  5 09:51:55 2015,1433512315.30625,+295.779,+296.879,1.869E-2
Fri Jun  5 09:51:56 2015,1433512316.521955,+295.782,+296.878,1.872E-2
Fri Jun  5 09:51:57 2015,1433512317.760834,+295.777,+296.879,1.875E-2
Fri Jun  5 09:51:58 2015,1433512318.985764,+295.777,+296.877,1.877E-2
Fri Jun  5 09:52:00 2015,1433512320.198324,+295.779,+296.877,1.880E-2
Fri Jun  5 09:52:01 2015,1433512321.410864,+295.779,+296.877,1.883E-2
Fri Jun  5 09:52:02 2015,1433512322.622187,+295.781,+296.877,1.885E-2
Fri Jun  5 09:52:03 2015,1433512323.832647,+295.777,+296.877,1.888E-2
Fri Jun  5 09:52:05 2015,1433512325.050159,+295.781,+296.877,1.890E-2
Fri Jun  5 09:52:06 2015,1433512326.265773,+295.781,+296.876,1.894E-2
Fri Jun  5 09:52:07 2015,1433512327.487819,+295.777,+296.877,1.895E-2
Fri Jun  5 09:52:08 2015,1433512328.706597,+295.779,+296.874,1.899E-2
Fri Jun  5 09:52:09 2015,1433512329.927353,+295.777,+296.877,1.901E-2
Fri Jun  5 09:52:11 2015,1433512331.134913,+295.776,+296.875,1.903E-2
Fri Jun  5 09:52:12 2015,1433512332.346848,+295.776,+296.874,1.907E-2
Fri Jun  5 09:52:13 2015,1433512333.56306,+295.775,+296.875,1.909E-2
Fri Jun  5 09:52:14 2015,1433512334.776403,+295.777,+296.875,1.912E-2
Fri Jun  5 09:52:15 2015,1433512335.992967,+295.775,+296.874,1.914E-2
Fri Jun  5 09:52:17 2015,1433512337.206037,+295.781,+296.874,1.918E-2
Fri Jun  5 09:52:18 2015,1433512338.421135,+295.779,+296.875,1.919E-2
Fri Jun  5 09:52:19 2015,1433512339.635816,+295.777,+296.874,1.922E-2
Fri Jun  5 09:52:20 2015,1433512340.849878,+295.777,+296.873,1.925E-2
Fri Jun  5 09:52:22 2015,1433512342.061144,+295.781,+296.874,1.927E-2
Fri Jun  5 09:52:23 2015,1433512343.27038,+295.777,+296.872,1.931E-2
Fri Jun  5 09:52:24 2015,1433512344.488681,+295.772,+296.872,1.933E-2
Fri Jun  5 09:52:25 2015,1433512345.705301,+295.775,+296.873,1.936E-2
Fri Jun  5 09:52:26 2015,1433512346.922715,+295.772,+296.872,1.938E-2
Fri Jun  5 09:52:28 2015,1433512348.13226,+295.781,+296.872,1.941E-2
Fri Jun  5 09:52:29 2015,1433512349.34112,+295.776,+296.872,1.944E-2
Fri Jun  5 09:52:30 2015,1433512350.5578,+295.769,+296.871,1.946E-2
Fri Jun  5 09:52:31 2015,1433512351.77888,+295.782,+296.871,1.950E-2
Fri Jun  5 09:52:32 2015,1433512352.999021,+295.777,+296.870,1.951E-2
Fri Jun  5 09:52:34 2015,1433512354.215021,+295.777,+296.870,1.955E-2
Fri Jun  5 09:52:35 2015,1433512355.427597,+295.773,+296.870,1.956E-2
Fri Jun  5 09:52:36 2015,1433512356.642318,+295.772,+296.870,1.961E-2
Fri Jun  5 09:52:37 2015,1433512357.861133,+295.775,+296.870,1.962E-2
Fri Jun  5 09:52:39 2015,1433512359.08313,+295.777,+296.870,1.965E-2
Fri Jun  5 09:52:40 2015,1433512360.296887,+295.777,+296.869,1.968E-2
Fri Jun  5 09:52:41 2015,1433512361.516126,+295.777,+296.868,1.970E-2
Fri Jun  5 09:52:42 2015,1433512362.728761,+295.775,+296.869,1.974E-2
Fri Jun  5 09:52:43 2015,1433512363.950017,+295.775,+296.870,1.975E-2
Fri Jun  5 09:52:45 2015,1433512365.162966,+295.776,+296.869,1.979E-2
Fri Jun  5 09:52:46 2015,1433512366.382942,+295.773,+296.868,1.981E-2
Fri Jun  5 09:52:47 2015,1433512367.593478,+295.773,+296.868,1.984E-2
Fri Jun  5 09:52:48 2015,1433512368.807048,+295.775,+296.867,1.987E-2
Fri Jun  5 09:52:50 2015,1433512370.021419,+295.776,+296.869,1.989E-2
Fri Jun  5 09:52:51 2015,1433512371.239793,+295.776,+296.867,1.992E-2
Fri Jun  5 09:52:52 2015,1433512372.451766,+295.773,+296.869,1.994E-2
Fri Jun  5 09:52:53 2015,1433512373.664187,+295.779,+296.867,1.998E-2
Fri Jun  5 09:52:54 2015,1433512374.881425,+295.776,+296.867,1.999E-2
Fri Jun  5 09:52:56 2015,1433512376.092146,+295.773,+296.868,2.003E-2
Fri Jun  5 09:52:57 2015,1433512377.310193,+295.772,+296.867,2.005E-2
Fri Jun  5 09:52:58 2015,1433512378.523751,+295.776,+296.866,2.008E-2
Fri Jun  5 09:52:59 2015,1433512379.74726,+295.775,+296.866,2.011E-2
Fri Jun  5 09:53:00 2015,1433512380.960565,+295.772,+296.866,2.013E-2
Fri Jun  5 09:53:02 2015,1433512382.181517,+295.773,+296.865,2.016E-2
Fri Jun  5 09:53:03 2015,1433512383.39568,+295.769,+296.865,2.018E-2
Fri Jun  5 09:53:04 2015,1433512384.61292,+295.772,+296.865,2.022E-2
Fri Jun  5 09:53:05 2015,1433512385.828313,+295.775,+296.866,2.023E-2
Fri Jun  5 09:53:07 2015,1433512387.047991,+295.779,+296.865,2.027E-2
Fri Jun  5 09:53:08 2015,1433512388.263833,+295.773,+296.865,2.029E-2
Fri Jun  5 09:53:09 2015,1433512389.473479,+295.773,+296.864,2.031E-2
Fri Jun  5 09:53:10 2015,1433512390.684244,+295.775,+296.864,2.035E-2
Fri Jun  5 09:53:11 2015,1433512391.900817,+295.776,+296.864,2.036E-2
Fri Jun  5 09:53:13 2015,1433512393.112051,+295.772,+296.863,2.041E-2
Fri Jun  5 09:53:14 2015,1433512394.331937,+295.776,+296.863,2.042E-2
Fri Jun  5 09:53:15 2015,1433512395.550603,+295.776,+296.862,2.046E-2
Fri Jun  5 09:53:16 2015,1433512396.774712,+295.777,+296.863,2.048E-2
Fri Jun  5 09:53:17 2015,1433512397.989879,+295.773,+296.862,2.050E-2
Fri Jun  5 09:53:19 2015,1433512399.206065,+295.777,+296.862,2.054E-2
Fri Jun  5 09:53:20 2015,1433512400.420552,+295.777,+296.863,2.055E-2
Fri Jun  5 09:53:21 2015,1433512401.639112,+295.773,+296.862,2.059E-2
Fri Jun  5 09:53:22 2015,1433512402.85564,+295.773,+296.863,2.061E-2
Fri Jun  5 09:53:24 2015,1433512404.072687,+295.775,+296.861,2.064E-2
Fri Jun  5 09:53:25 2015,1433512405.292398,+295.776,+296.861,2.066E-2
Fri Jun  5 09:53:26 2015,1433512406.507143,+295.773,+296.861,2.070E-2
Fri Jun  5 09:53:27 2015,1433512407.723164,+295.773,+296.861,2.072E-2
Fri Jun  5 09:53:28 2015,1433512408.945405,+295.771,+296.860,2.074E-2
Fri Jun  5 09:53:30 2015,1433512410.157445,+295.771,+296.860,2.078E-2
Fri Jun  5 09:53:31 2015,1433512411.369963,+295.772,+296.860,2.079E-2
Fri Jun  5 09:53:32 2015,1433512412.584288,+295.776,+296.859,2.083E-2
Fri Jun  5 09:53:33 2015,1433512413.800878,+295.776,+296.860,2.085E-2
Fri Jun  5 09:53:35 2015,1433512415.015841,+295.773,+296.859,2.088E-2
Fri Jun  5 09:53:36 2015,1433512416.232687,+295.777,+296.859,2.091E-2
Fri Jun  5 09:53:37 2015,1433512417.45627,+295.773,+296.858,2.093E-2
Fri Jun  5 09:53:38 2015,1433512418.668504,+295.772,+296.858,2.096E-2
Fri Jun  5 09:53:39 2015,1433512419.879531,+295.772,+296.858,2.099E-2
Fri Jun  5 09:53:41 2015,1433512421.093803,+295.776,+296.857,2.102E-2
Fri Jun  5 09:53:42 2015,1433512422.314327,+295.772,+296.858,2.104E-2
Fri Jun  5 09:53:43 2015,1433512423.526129,+295.769,+296.858,2.107E-2
Fri Jun  5 09:53:44 2015,1433512424.744458,+295.775,+296.856,2.109E-2
Fri Jun  5 09:53:45 2015,1433512425.955306,+295.769,+296.858,2.112E-2
Fri Jun  5 09:53:47 2015,1433512427.163262,+295.772,+296.857,2.115E-2
Fri Jun  5 09:53:48 2015,1433512428.381171,+295.769,+296.856,2.117E-2
Fri Jun  5 09:53:49 2015,1433512429.59889,+295.772,+296.855,2.120E-2
Fri Jun  5 09:53:50 2015,1433512430.819189,+295.773,+296.856,2.123E-2
Fri Jun  5 09:53:52 2015,1433512432.037191,+295.769,+296.855,2.126E-2
Fri Jun  5 09:53:53 2015,1433512433.254686,+295.771,+296.854,2.128E-2
Fri Jun  5 09:53:54 2015,1433512434.47689,+295.773,+296.856,2.131E-2
Fri Jun  5 09:53:55 2015,1433512435.694057,+295.769,+296.854,2.134E-2
Fri Jun  5 09:53:56 2015,1433512436.913839,+295.771,+296.854,2.136E-2
Fri Jun  5 09:53:58 2015,1433512438.128885,+295.768,+296.855,2.139E-2
Fri Jun  5 09:53:59 2015,1433512439.339079,+295.771,+296.854,2.141E-2
Fri Jun  5 09:54:00 2015,1433512440.55526,+295.771,+296.854,2.145E-2
Fri Jun  5 09:54:01 2015,1433512441.767391,+295.766,+296.853,2.146E-2
Fri Jun  5 09:54:02 2015,1433512442.98784,+295.772,+296.853,2.150E-2
Fri Jun  5 09:54:04 2015,1433512444.207148,+295.775,+296.854,2.152E-2
Fri Jun  5 09:54:05 2015,1433512445.419203,+295.769,+296.853,2.155E-2
Fri Jun  5 09:54:06 2015,1433512446.63152,+295.771,+296.852,2.157E-2
Fri Jun  5 09:54:07 2015,1433512447.85053,+295.772,+296.854,2.161E-2
Fri Jun  5 09:54:09 2015,1433512449.065558,+295.771,+296.852,2.163E-2
Fri Jun  5 09:54:10 2015,1433512450.278338,+295.771,+296.852,2.166E-2
Fri Jun  5 09:54:11 2015,1433512451.492012,+295.768,+296.851,2.168E-2
Fri Jun  5 09:54:12 2015,1433512452.704597,+295.772,+296.853,2.172E-2
Fri Jun  5 09:54:13 2015,1433512453.915229,+295.771,+296.851,2.173E-2
Fri Jun  5 09:54:15 2015,1433512455.129959,+295.772,+296.851,2.176E-2
Fri Jun  5 09:54:16 2015,1433512456.337212,+295.768,+296.841,2.179E-2
Fri Jun  5 09:54:17 2015,1433512457.55355,+295.769,+296.850,2.181E-2
Fri Jun  5 09:54:18 2015,1433512458.768376,+295.773,+296.851,2.185E-2
Fri Jun  5 09:54:19 2015,1433512459.981606,+295.771,+296.852,2.186E-2
Fri Jun  5 09:54:21 2015,1433512461.193727,+295.768,+296.851,2.190E-2
Fri Jun  5 09:54:22 2015,1433512462.41428,+295.769,+296.848,2.192E-2
Fri Jun  5 09:54:23 2015,1433512463.627,+295.773,+296.849,2.195E-2
Fri Jun  5 09:54:24 2015,1433512464.841105,+295.768,+296.849,2.197E-2
Fri Jun  5 09:54:26 2015,1433512466.057155,+295.768,+296.850,2.200E-2
Fri Jun  5 09:54:27 2015,1433512467.273436,+295.768,+296.849,2.203E-2
Fri Jun  5 09:54:28 2015,1433512468.484646,+295.772,+296.850,2.206E-2
Fri Jun  5 09:54:29 2015,1433512469.705733,+295.768,+296.848,2.208E-2
Fri Jun  5 09:54:30 2015,1433512470.912658,+295.771,+296.848,2.212E-2
Fri Jun  5 09:54:32 2015,1433512472.133762,+295.771,+296.848,2.213E-2
Fri Jun  5 09:54:33 2015,1433512473.356283,+295.769,+296.847,2.217E-2
Fri Jun  5 09:54:34 2015,1433512474.57646,+295.772,+296.847,2.219E-2
Fri Jun  5 09:54:35 2015,1433512475.788725,+295.765,+296.847,2.222E-2
Fri Jun  5 09:54:37 2015,1433512477.004614,+295.768,+296.848,2.225E-2
Fri Jun  5 09:54:38 2015,1433512478.217384,+295.771,+296.847,2.227E-2
Fri Jun  5 09:54:39 2015,1433512479.442629,+295.771,+296.847,2.231E-2
Fri Jun  5 09:54:40 2015,1433512480.665728,+295.771,+296.847,2.232E-2
Fri Jun  5 09:54:41 2015,1433512481.884887,+295.768,+296.847,2.236E-2
Fri Jun  5 09:54:43 2015,1433512483.10676,+295.768,+296.846,2.238E-2
Fri Jun  5 09:54:44 2015,1433512484.323473,+295.769,+296.846,2.240E-2
Fri Jun  5 09:54:45 2015,1433512485.541336,+295.771,+296.846,2.244E-2
Fri Jun  5 09:54:46 2015,1433512486.763695,+295.768,+296.845,2.246E-2
Fri Jun  5 09:54:47 2015,1433512487.985848,+295.773,+296.846,2.249E-2
Fri Jun  5 09:54:49 2015,1433512489.206929,+295.768,+296.844,2.251E-2
Fri Jun  5 09:54:50 2015,1433512490.425933,+295.771,+296.845,2.255E-2
Fri Jun  5 09:54:51 2015,1433512491.646013,+295.769,+296.843,2.256E-2
Fri Jun  5 09:54:52 2015,1433512492.863298,+295.769,+296.845,2.260E-2
Fri Jun  5 09:54:54 2015,1433512494.077806,+295.769,+296.844,2.262E-2
Fri Jun  5 09:54:55 2015,1433512495.298792,+295.765,+296.844,2.264E-2
Fri Jun  5 09:54:56 2015,1433512496.523897,+295.768,+296.843,2.268E-2
Fri Jun  5 09:54:57 2015,1433512497.741906,+295.765,+296.843,2.270E-2
Fri Jun  5 09:54:58 2015,1433512498.955195,+295.762,+296.843,2.273E-2
Fri Jun  5 09:55:00 2015,1433512500.173603,+295.769,+296.843,2.275E-2
Fri Jun  5 09:55:01 2015,1433512501.387496,+295.766,+296.843,2.279E-2
Fri Jun  5 09:55:02 2015,1433512502.604956,+295.769,+296.842,2.281E-2
Fri Jun  5 09:55:03 2015,1433512503.820326,+295.761,+296.843,2.283E-2
Fri Jun  5 09:55:05 2015,1433512505.037363,+295.765,+296.842,2.287E-2
Fri Jun  5 09:55:06 2015,1433512506.246147,+295.768,+296.842,2.288E-2
Fri Jun  5 09:55:07 2015,1433512507.464417,+295.761,+296.841,2.292E-2
Fri Jun  5 09:55:08 2015,1433512508.690481,+295.766,+296.840,2.294E-2
Fri Jun  5 09:55:09 2015,1433512509.911824,+295.768,+296.840,2.297E-2
Fri Jun  5 09:55:11 2015,1433512511.127703,+295.765,+296.840,2.299E-2
Fri Jun  5 09:55:12 2015,1433512512.348655,+295.766,+296.840,2.302E-2
Fri Jun  5 09:55:13 2015,1433512513.567426,+295.768,+296.841,2.305E-2
Fri Jun  5 09:55:14 2015,1433512514.78504,+295.764,+296.840,2.307E-2
Fri Jun  5 09:55:16 2015,1433512516.001193,+295.769,+296.840,2.311E-2
Fri Jun  5 09:55:17 2015,1433512517.218546,+295.765,+296.840,2.312E-2
Fri Jun  5 09:55:18 2015,1433512518.432974,+295.766,+296.839,2.316E-2
Fri Jun  5 09:55:19 2015,1433512519.651359,+295.765,+296.839,2.318E-2
Fri Jun  5 09:55:20 2015,1433512520.870548,+295.766,+296.839,2.321E-2
Fri Jun  5 09:55:22 2015,1433512522.082135,+295.765,+296.839,2.323E-2
Fri Jun  5 09:55:23 2015,1433512523.294104,+295.765,+296.838,2.327E-2
Fri Jun  5 09:55:24 2015,1433512524.515972,+295.764,+296.837,2.329E-2
Fri Jun  5 09:55:25 2015,1433512525.723704,+295.759,+296.836,2.332E-2
Fri Jun  5 09:55:26 2015,1433512526.933496,+295.766,+296.837,2.334E-2
Fri Jun  5 09:55:28 2015,1433512528.145168,+295.765,+296.838,2.337E-2
Fri Jun  5 09:55:29 2015,1433512529.35175,+295.761,+296.836,2.339E-2
Fri Jun  5 09:55:30 2015,1433512530.566043,+295.759,+296.836,2.343E-2
Fri Jun  5 09:55:31 2015,1433512531.779325,+295.765,+296.835,2.345E-2
Fri Jun  5 09:55:33 2015,1433512533.000375,+295.762,+296.836,2.347E-2
Fri Jun  5 09:55:34 2015,1433512534.216644,+295.765,+296.836,2.351E-2
Fri Jun  5 09:55:35 2015,1433512535.429617,+295.761,+296.835,2.353E-2
Fri Jun  5 09:55:36 2015,1433512536.654254,+295.761,+296.834,2.356E-2
Fri Jun  5 09:55:37 2015,1433512537.872998,+295.764,+296.835,2.358E-2
Fri Jun  5 09:55:39 2015,1433512539.088097,+295.762,+296.835,2.361E-2
Fri Jun  5 09:55:40 2015,1433512540.325362,+295.764,+296.834,2.364E-2
Fri Jun  5 09:55:41 2015,1433512541.574434,+295.762,+296.836,2.366E-2
Fri Jun  5 09:55:42 2015,1433512542.813412,+295.765,+296.835,2.370E-2
Fri Jun  5 09:55:44 2015,1433512544.024808,+295.765,+296.836,2.371E-2
Fri Jun  5 09:55:45 2015,1433512545.24406,+295.765,+296.834,2.375E-2
Fri Jun  5 09:55:46 2015,1433512546.463162,+295.768,+296.835,2.377E-2
Fri Jun  5 09:55:47 2015,1433512547.668711,+295.764,+296.833,2.380E-2
Fri Jun  5 09:55:48 2015,1433512548.885133,+295.764,+296.833,2.382E-2
Fri Jun  5 09:55:50 2015,1433512550.098296,+295.764,+296.833,2.385E-2
Fri Jun  5 09:55:51 2015,1433512551.314112,+295.766,+296.834,2.388E-2
Fri Jun  5 09:55:52 2015,1433512552.5285,+295.761,+296.832,2.390E-2
Fri Jun  5 09:55:53 2015,1433512553.740336,+295.765,+296.831,2.394E-2
Fri Jun  5 09:55:54 2015,1433512554.951293,+295.762,+296.832,2.396E-2
Fri Jun  5 09:55:56 2015,1433512556.165314,+295.765,+296.831,2.399E-2
Fri Jun  5 09:55:57 2015,1433512557.380545,+295.765,+296.831,2.401E-2
Fri Jun  5 09:55:58 2015,1433512558.593656,+295.761,+296.831,2.404E-2
Fri Jun  5 09:55:59 2015,1433512559.811827,+295.761,+296.831,2.407E-2
Fri Jun  5 09:56:01 2015,1433512561.029062,+295.762,+296.830,2.409E-2
Fri Jun  5 09:56:02 2015,1433512562.248248,+295.766,+296.830,2.412E-2
Fri Jun  5 09:56:03 2015,1433512563.466179,+295.762,+296.830,2.414E-2
Fri Jun  5 09:56:04 2015,1433512564.676398,+295.764,+296.830,2.418E-2
Fri Jun  5 09:56:05 2015,1433512565.890926,+295.757,+296.830,2.419E-2
Fri Jun  5 09:56:07 2015,1433512567.105469,+295.764,+296.830,2.423E-2
Fri Jun  5 09:56:08 2015,1433512568.325346,+295.765,+296.828,2.424E-2
Fri Jun  5 09:56:09 2015,1433512569.541782,+295.762,+296.829,2.428E-2
Fri Jun  5 09:56:10 2015,1433512570.761795,+295.764,+296.830,2.430E-2
Fri Jun  5 09:56:11 2015,1433512571.975662,+295.757,+296.828,2.433E-2
Fri Jun  5 09:56:13 2015,1433512573.181882,+295.762,+296.828,2.436E-2
Fri Jun  5 09:56:14 2015,1433512574.387722,+295.761,+296.828,2.437E-2
Fri Jun  5 09:56:15 2015,1433512575.597227,+295.757,+296.827,2.441E-2
Fri Jun  5 09:56:16 2015,1433512576.811196,+295.759,+296.826,2.442E-2
Fri Jun  5 09:56:18 2015,1433512578.031128,+295.764,+296.826,2.446E-2
Fri Jun  5 09:56:19 2015,1433512579.249524,+295.764,+296.826,2.449E-2
Fri Jun  5 09:56:20 2015,1433512580.464046,+295.759,+296.825,2.451E-2
Fri Jun  5 09:56:21 2015,1433512581.676274,+295.766,+296.827,2.454E-2
Fri Jun  5 09:56:22 2015,1433512582.886901,+295.761,+296.826,2.456E-2
Fri Jun  5 09:56:24 2015,1433512584.092136,+295.757,+296.825,2.459E-2
Fri Jun  5 09:56:25 2015,1433512585.301386,+295.757,+296.826,2.462E-2
Fri Jun  5 09:56:26 2015,1433512586.515748,+295.755,+296.825,2.465E-2
Fri Jun  5 09:56:27 2015,1433512587.726095,+295.769,+296.826,2.467E-2
Fri Jun  5 09:56:28 2015,1433512588.937571,+295.759,+296.823,2.470E-2
Fri Jun  5 09:56:30 2015,1433512590.160451,+295.757,+296.824,2.472E-2
Fri Jun  5 09:56:31 2015,1433512591.377945,+295.757,+296.823,2.475E-2
Fri Jun  5 09:56:32 2015,1433512592.592001,+295.759,+296.824,2.478E-2
Fri Jun  5 09:56:33 2015,1433512593.820717,+295.759,+296.823,2.480E-2
Fri Jun  5 09:56:35 2015,1433512595.031918,+295.754,+296.822,2.484E-2
Fri Jun  5 09:56:36 2015,1433512596.236236,+295.764,+296.823,2.486E-2
Fri Jun  5 09:56:37 2015,1433512597.454351,+295.764,+296.823,2.489E-2
Fri Jun  5 09:56:38 2015,1433512598.662234,+295.761,+296.822,2.491E-2
Fri Jun  5 09:56:39 2015,1433512599.872169,+295.757,+296.823,2.493E-2
Fri Jun  5 09:56:41 2015,1433512601.078615,+295.754,+296.821,2.497E-2
Fri Jun  5 09:56:42 2015,1433512602.293641,+295.759,+296.822,2.499E-2
Fri Jun  5 09:56:43 2015,1433512603.503513,+295.759,+296.823,2.502E-2
Fri Jun  5 09:56:44 2015,1433512604.718277,+295.757,+296.822,2.504E-2
Fri Jun  5 09:56:45 2015,1433512605.929497,+295.762,+296.822,2.507E-2
Fri Jun  5 09:56:47 2015,1433512607.140041,+295.762,+296.821,2.509E-2
Fri Jun  5 09:56:48 2015,1433512608.353004,+295.757,+296.821,2.512E-2
Fri Jun  5 09:56:49 2015,1433512609.572631,+295.757,+296.820,2.515E-2
Fri Jun  5 09:56:50 2015,1433512610.782322,+295.755,+296.821,2.517E-2
Fri Jun  5 09:56:51 2015,1433512611.993395,+295.757,+296.821,2.521E-2
Fri Jun  5 09:56:53 2015,1433512613.208116,+295.761,+296.821,2.523E-2
Fri Jun  5 09:56:54 2015,1433512614.42615,+295.757,+296.821,2.526E-2
Fri Jun  5 09:56:55 2015,1433512615.633152,+295.757,+296.819,2.528E-2
Fri Jun  5 09:56:56 2015,1433512616.851129,+295.757,+296.819,2.531E-2
Fri Jun  5 09:56:58 2015,1433512618.070384,+295.757,+296.818,2.534E-2
Fri Jun  5 09:56:59 2015,1433512619.276976,+295.757,+296.818,2.536E-2
Fri Jun  5 09:57:00 2015,1433512620.486982,+295.759,+296.818,2.540E-2
Fri Jun  5 09:57:01 2015,1433512621.705102,+295.757,+296.817,2.541E-2
Fri Jun  5 09:57:02 2015,1433512622.922887,+295.757,+296.818,2.545E-2
Fri Jun  5 09:57:04 2015,1433512624.132966,+295.757,+296.818,2.547E-2
Fri Jun  5 09:57:05 2015,1433512625.349053,+295.762,+296.817,2.550E-2
Fri Jun  5 09:57:06 2015,1433512626.556249,+295.757,+296.817,2.553E-2
Fri Jun  5 09:57:07 2015,1433512627.772555,+295.757,+296.816,2.556E-2
Fri Jun  5 09:57:08 2015,1433512628.986626,+295.762,+296.816,2.558E-2
Fri Jun  5 09:57:10 2015,1433512630.20074,+295.762,+296.816,2.561E-2
Fri Jun  5 09:57:11 2015,1433512631.444897,+295.759,+296.816,2.563E-2
Fri Jun  5 09:57:12 2015,1433512632.653329,+295.755,+296.815,2.567E-2
Fri Jun  5 09:57:13 2015,1433512633.872426,+295.762,+296.816,2.568E-2
Fri Jun  5 09:57:15 2015,1433512635.090587,+295.752,+296.815,2.572E-2
Fri Jun  5 09:57:16 2015,1433512636.302324,+295.754,+296.815,2.574E-2
Fri Jun  5 09:57:17 2015,1433512637.515829,+295.755,+296.815,2.576E-2
Fri Jun  5 09:57:18 2015,1433512638.729707,+295.757,+296.814,2.580E-2
Fri Jun  5 09:57:19 2015,1433512639.947141,+295.752,+296.815,2.582E-2
Fri Jun  5 09:57:21 2015,1433512641.167637,+295.757,+296.813,2.586E-2
Fri Jun  5 09:57:22 2015,1433512642.382139,+295.755,+296.813,2.587E-2
Fri Jun  5 09:57:23 2015,1433512643.593498,+295.752,+296.812,2.591E-2
Fri Jun  5 09:57:24 2015,1433512644.810192,+295.754,+296.813,2.592E-2
Fri Jun  5 09:57:26 2015,1433512646.018891,+295.757,+296.813,2.596E-2
Fri Jun  5 09:57:27 2015,1433512647.233622,+295.759,+296.812,2.599E-2
Fri Jun  5 09:57:28 2015,1433512648.445661,+295.755,+296.814,2.601E-2
Fri Jun  5 09:57:29 2015,1433512649.668111,+295.754,+296.813,2.604E-2
Fri Jun  5 09:57:30 2015,1433512650.882521,+295.754,+296.812,2.606E-2
Fri Jun  5 09:57:32 2015,1433512652.10205,+295.757,+296.811,2.610E-2
Fri Jun  5 09:57:33 2015,1433512653.318004,+295.754,+296.811,2.611E-2
Fri Jun  5 09:57:34 2015,1433512654.532914,+295.751,+296.810,2.615E-2
Fri Jun  5 09:57:35 2015,1433512655.746014,+295.754,+296.811,2.617E-2
Fri Jun  5 09:57:36 2015,1433512656.955997,+295.757,+296.811,2.620E-2
Fri Jun  5 09:57:38 2015,1433512658.17199,+295.751,+296.811,2.623E-2
Fri Jun  5 09:57:39 2015,1433512659.392909,+295.754,+296.811,2.625E-2
Fri Jun  5 09:57:40 2015,1433512660.611479,+295.757,+296.810,2.628E-2
Fri Jun  5 09:57:41 2015,1433512661.827945,+295.752,+296.810,2.630E-2
Fri Jun  5 09:57:43 2015,1433512663.043234,+295.754,+296.810,2.634E-2
Fri Jun  5 09:57:44 2015,1433512664.259219,+295.749,+296.809,2.635E-2
